Date,MA,RSI(*10^2),WR,ROC,MACD(*10^2)
2016-09-28 00:00:00,0.487336148,49.05660377,0.559875583,-0.001585384,1.990741283
2016-09-29 00:00:00,0.472894912,49.05660377,0.696734059,-0.004907142,0.333384818
2016-09-30 00:00:00,0.468229282,49.05660377,0.559875583,-0.00086881,-0.171047719
2016-10-03 00:00:00,0.445234392,49.05660377,0.846034215,-0.00639304,-1.661857289
2016-10-04 00:00:00,0.640172328,30.23255814,1,-0.020979554,-6.34378528
2016-10-05 00:00:00,0.668927064,30.23255814,1,-0.029770321,-10.71102253
2016-10-06 00:00:00,0.681561462,30.23255814,1,-0.045898772,-14.75530266
2016-10-07 00:00:00,0.634966777,30.23255814,0.950581395,-0.041901355,-15.90730484
2016-10-10 00:00:00,0.58986711,30.23255814,0.941860465,-0.050222457,-15.59656106
2016-10-11 00:00:00,0.535201444,12.79069767,1,-0.063960869,-15.21765865
2016-10-12 00:00:00,0.467424305,12.79069767,0.964962665,-0.061367796,-13.61973284
2016-10-13 00:00:00,0.403749897,13.16931983,0.912693854,-0.05926893,-11.11901755
2016-10-14 00:00:00,0.405410536,13.16931983,1,-0.056706858,-9.92594974
2016-10-17 00:00:00,0.358303887,13.16931983,0.956890459,-0.051190926,-8.01611308
2016-10-18 00:00:00,0.293387178,13.16931983,0.908833922,-0.0454442,-5.694193674
2016-10-19 00:00:00,0.243866734,26.56058752,0.755477032,-0.040415879,-2.27184623
2016-10-20 00:00:00,0.221306719,26.56058752,0.676685621,-0.031714003,0.613009626
2016-10-21 00:00:00,0.324767942,42.13592233,0.546751189,-0.013441908,1.961740397
2016-10-24 00:00:00,0.451184494,42.13592233,0.306532663,-0.003032929,2.923423997
2016-10-25 00:00:00,0.451184494,53.84615385,0.113065327,0.011877242,4.140651485
2016-10-26 00:00:00,0.508614501,53.84615385,0.057788945,0.009334657,5.093805322
2016-10-27 00:00:00,0.535534817,53.84615385,0.271356784,0.00535927,5.137018196
2016-10-28 00:00:00,0.546890756,53.84615385,0,0.015596952,5.999912713
2016-10-31 00:00:00,0.609243697,53.84615385,0.047058824,0.012335854,6.328484643
2016-11-01 00:00:00,0.41494745,63.88349515,0,0.021727925,8.517741815
2016-11-02 00:00:00,0.351510989,74.6031746,0,0.041541841,11.59228169
2016-11-03 00:00:00,0.382970962,74.6031746,0.056179775,0.036818617,12.73028832
2016-11-04 00:00:00,0.412184413,74.6031746,0.020856202,0.035447465,13.1465831
2016-11-07 00:00:00,0.345549738,45.44198895,0.541884817,0.011031874,10.30819497
2016-11-08 00:00:00,0.370418848,45.44198895,0.560209424,0.008414265,7.986586168
2016-11-09 00:00:00,0.388649963,45.44198895,0.585078534,0.012124324,6.060475336
2016-11-10 00:00:00,0.391361257,45.44198895,0.94895288,0.001540832,2.816534338
2016-11-11 00:00:00,0.623646784,34.63157895,1,-0.025957145,-3.278709651
2016-11-14 00:00:00,0.674827668,34.63157895,1,-0.044785518,-9.787489824
2016-11-15 00:00:00,0.640321686,34.63157895,0.851913478,-0.031036525,-11.57155892
2016-11-16 00:00:00,0.610965851,34.63157895,0.826955075,-0.034406913,-11.69112502
2016-11-17 00:00:00,0.574320577,34.63157895,0.854132002,-0.035573899,-11.33438463
2016-11-18 00:00:00,0.539276088,33.00970874,1,-0.060110986,-12.36952198
2016-11-21 00:00:00,0.482133231,30.06756757,0.964959569,-0.06864813,-11.76953386
2016-11-22 00:00:00,0.415927482,30.06756757,0.986383442,-0.068216756,-10.81939346
2016-11-23 00:00:00,0.473149669,30.06756757,1,-0.09015198,-12.8530524
2016-11-24 00:00:00,0.483477117,30.06756757,0.992323439,-0.075562137,-13.09187968
2016-11-25 00:00:00,0.416752577,30.06756757,0.975773196,-0.073809802,-12.05489245
2016-11-28 00:00:00,0.349966535,30.06756757,0.982821447,-0.073669424,-10.53869571
2016-11-29 00:00:00,0.326710721,30.06756757,0.985392575,-0.063865878,-8.745692622
2016-11-30 00:00:00,0.474782715,33.16770186,1,-0.047191556,-7.874334274
2016-12-01 00:00:00,0.573496659,33.16770186,1,-0.042641727,-8.603931396
2016-12-02 00:00:00,0.530968289,30.22049287,0.827023014,-0.043563307,-6.718093963
2016-12-05 00:00:00,0.462297168,30.22049287,0.994803267,-0.054506996,-6.205730408
2016-12-06 00:00:00,0.417345366,30.22049287,0.835901387,-0.044222539,-3.810025425
2016-12-07 00:00:00,0.449972737,30.22049287,0.698473282,-0.027539224,-1.008103453
2016-12-08 00:00:00,0.395515267,30.22049287,0.824427481,-0.035577517,0.40412865
2016-12-09 00:00:00,0.339427438,30.22049287,0.965277778,-0.040131986,0.761887406
2016-12-12 00:00:00,0.596405967,41.7562724,1,-0.024676256,0.431850129
2016-12-13 00:00:00,0.535827306,41.7562724,0.922468354,-0.023227384,0.95700396
2016-12-14 00:00:00,0.481916817,41.7562724,0.805379747,-0.02142797,2.148008532
2016-12-15 00:00:00,0.66676579,24.81363152,1,-0.050589722,-1.288752504
2016-12-16 00:00:00,0.605405081,24.81363152,0.921979866,-0.046310733,-2.343978008
2016-12-19 00:00:00,0.635176651,24.81363152,0.818181818,-0.0355233,-1.845844114
2016-12-20 00:00:00,0.577409597,24.81363152,1,-0.031114171,-2.336057573
2016-12-21 00:00:00,0.538636051,22.5877193,0.846968239,-0.033958245,-1.053472297
2016-12-22 00:00:00,0.480681974,22.5877193,0.891241578,-0.026544485,-0.03282739
2016-12-23 00:00:00,0.137429236,90.42060862,0,0.249082646,-0.026261912
2016-12-28 00:00:00,0.129440015,50.24504304,0.973734645,-0.036555853,1.483837747
2016-12-29 00:00:00,0.122747197,50.24504304,0.940386497,-0.021476453,4.246667443
2016-12-30 00:00:00,0.184616107,50.24504304,0,0.258636475,3.397333954
2017-01-03 00:00:00,0.18196006,50.24504304,0.925335563,-0.004411383,6.169367122
2017-01-04 00:00:00,0.183678058,50.24504304,0.886232646,0.004919943,9.694934528
2017-01-05 00:00:00,0.187504031,50.24504304,0.84949066,0.012432781,13.38378155
2017-01-06 00:00:00,0.190370876,50.24504304,0.851999149,0.043391455,15.25353941
2017-01-09 00:00:00,0.201237481,50.24504304,0.844178565,0.041445741,16.29706937
2017-01-10 00:00:00,0.213442651,50.24504304,0.811715767,0.046864686,17.7966428
2017-01-11 00:00:00,0.222359381,50.24504304,0.844031007,0.046948565,16.66128773
2017-01-12 00:00:00,0.22618348,50.24504304,0.778811128,0.062982402,18.67589629
2017-01-13 00:00:00,0.238338364,50.24504304,0.822928854,0.052150086,17.25809027
2017-01-16 00:00:00,0.246347037,49.1288914,0.792695488,-0.178586944,17.21472856
2017-01-17 00:00:00,0.192551039,50.40335413,0.753143969,0.071787414,18.04693329
2017-01-18 00:00:00,0.181883599,50.40335413,0.783931809,0.060083777,17.51160099
2017-01-19 00:00:00,0.180001118,7.792985317,0.856322482,-0.183332431,13.88641879
2017-01-20 00:00:00,0.577742396,58.62831858,0.238278248,0.043049522,11.44410623
2017-01-23 00:00:00,0.555019305,58.62831858,0.061776062,0.041743612,10.84069562
2017-01-24 00:00:00,0.510465725,58.62831858,0,0.034078355,10.33104178
2017-01-25 00:00:00,0.542386185,54.86542443,0.532356532,0.016286091,6.596713553
2017-01-26 00:00:00,0.536553525,54.86542443,0.707571802,0.009503606,3.127929204
2017-01-27 00:00:00,0.547805789,54.86542443,0.835294118,-0.003909206,0.057728736
2017-01-30 00:00:00,0.553968254,54.86542443,0.62745098,0.012091129,-0.968101478
2017-01-31 00:00:00,0.542588867,47.84688995,0.125195618,0.006431268,0.881427891
2017-02-01 00:00:00,0.539458976,47.84688995,0.411580595,0.011173184,0.713642801
2017-02-02 00:00:00,0.525413939,47.84688995,0,0.015752286,2.79220287
2017-02-03 00:00:00,0.54890258,47.84688995,0.181940701,-0.000698984,2.96613806
2017-02-06 00:00:00,0.504261848,47.84688995,0,0.009878576,4.266139371
2017-02-07 00:00:00,0.482974772,47.84688995,0,0.029221186,5.262327609
2017-02-08 00:00:00,0.446787274,47.84688995,0,0.034609137,6.878177949
2017-02-09 00:00:00,0.492014972,47.84688995,0.092576419,0.019746877,6.688818813
2017-02-10 00:00:00,0.511291329,47.84688995,0.241048035,0.009451019,4.95423765
2017-02-13 00:00:00,0.518091079,68.61063465,0.346724891,0.022803347,2.64348571
2017-02-14 00:00:00,0.562694947,68.61063465,0.198253275,0.034504497,1.943803502
2017-02-15 00:00:00,0.605988771,68.61063465,0.309170306,0.033379753,0.390772153
2017-02-16 00:00:00,0.623152709,68.61063465,0.031440162,0.040031858,1.255194785
2017-02-17 00:00:00,0.60811815,66.66666667,0.00390117,0.02403529,1.704034351
2017-02-20 00:00:00,0.653631804,68.28358209,0.124837451,0.027956632,1.09278802
2017-02-21 00:00:00,0.583377589,65.51724138,0.330855019,0.009206596,-0.083148326
2017-02-22 00:00:00,0.622411046,65.51724138,0.20260223,0.017651415,-0.587540672
2017-02-23 00:00:00,0.468950153,65.51724138,0,0.017240677,0.352313511
2017-02-24 00:00:00,0.444267516,65.51724138,0,0.018399675,1.445327434
2017-02-27 00:00:00,0.452687513,65.51724138,0,0.012156831,2.292949404
2017-02-28 00:00:00,0.480277948,65.51724138,0.045779685,0.015200517,2.279782675
2017-03-01 00:00:00,0.487635398,51.51515152,0.480686695,0.009851014,-0.013256055
2017-03-02 00:00:00,0.50766401,51.51515152,0.546494993,0.012967887,-1.968543566
2017-03-03 00:00:00,0.484647213,51.51515152,0.93597561,-0.003453179,-4.792157594
2017-03-06 00:00:00,0.485082753,51.51515152,0.800304878,0.005349559,-5.952534041
2017-03-07 00:00:00,0.569843227,42.53308129,1,-0.019265648,-8.389191908
2017-03-08 00:00:00,0.589955357,42.53308129,1,-0.026369822,-10.60464195
2017-03-09 00:00:00,0.561486391,42.53308129,1,-0.024852501,-11.92848597
2017-03-10 00:00:00,0.547466283,42.53308129,1,-0.024772948,-12.75644724
2017-03-13 00:00:00,0.509493257,42.53308129,0.971585701,-0.026240246,-12.50550865
2017-03-14 00:00:00,0.467526516,27.44630072,0.964252979,-0.034698293,-11.70976919
2017-03-15 00:00:00,0.442575832,22.64631043,1,-0.043752243,-11.37892318
2017-03-16 00:00:00,0.412854697,66.77595628,0.476883562,-0.022152402,-6.691327841
2017-03-17 00:00:00,0.389776157,66.77595628,0.457746479,-0.020707232,-3.370837458
2017-03-20 00:00:00,0.492359203,68.11594203,0.192307692,-0.006449532,-0.748134664
2017-03-21 00:00:00,0.48055741,68.11594203,0,0.002826912,2.118293221
2017-03-22 00:00:00,0.424875622,68.11594203,0,0.01838565,4.759030543
2017-03-23 00:00:00,0.454726368,68.11594203,0.030845771,0.0134449,5.960312836
2017-03-24 00:00:00,0.478251599,80.39473684,0.030845771,0.025356512,6.3806494
2017-03-27 00:00:00,0.458784195,84.04401651,0,0.039985114,7.557661826
2017-03-28 00:00:00,0.517203647,84.04401651,0.005106383,0.042020637,7.808992005
2017-03-29 00:00:00,0.571367781,83.24250681,0.109787234,0.040286035,6.702482403
2017-03-30 00:00:00,0.627477204,83.24250681,0.14893617,0.037037037,5.279029892
2017-03-31 00:00:00,0.676899696,83.24250681,0.216170213,0.033413581,3.508913171
2017-04-03 00:00:00,0.728753799,83.24250681,0.175319149,0.040415415,2.41679329
2017-04-04 00:00:00,0.581903079,62.83987915,0,0.023020295,2.822453683
2017-04-05 00:00:00,0.620066208,46.74157303,0.422459893,0.013175016,1.299309364
2017-04-06 00:00:00,0.6427157,46.74157303,0.203960396,0.01630964,1.011747299
2017-04-07 00:00:00,0.380712849,54.06976744,0,0.020014497,2.436748881
2017-04-10 00:00:00,0.31547619,45.96375618,0.759259259,0.000800608,0.981165204
2017-04-11 00:00:00,0.328207672,45.96375618,0.627314815,0.004328657,0.251134378
2017-04-12 00:00:00,0.305723987,56.61375661,0,0.021482966,2.381198386
2017-04-13 00:00:00,0.295710651,56.61375661,0,0.02115224,4.712637685
2017-04-18 00:00:00,0.334605598,56.61375661,0.132315522,0.017259893,5.116424479
2017-04-19 00:00:00,0.374227554,56.61375661,0.129770992,0.022340341,4.955634726
2017-04-20 00:00:00,0.430570702,56.61375661,0.05216285,0.026665599,4.81463752
2017-04-21 00:00:00,0.490639767,56.61375661,0.058524173,0.029722457,4.26126709
2017-04-24 00:00:00,0.523747439,56.61375661,0.384615385,0.01775907,1.911574418
2017-04-25 00:00:00,0.562022723,56.61375661,0.426336375,0.008070608,-0.060357022
2017-04-26 00:00:00,0.569845409,56.61375661,0.58148631,0.012883288,-2.247219245
2017-04-27 00:00:00,0.551843318,56.61375661,0.626099707,0.008223553,-3.568351359
2017-04-28 00:00:00,0.581064097,56.61375661,0.519061584,0,-3.924856306
2017-05-02 00:00:00,0.558022623,63.22008863,0.841642229,0.004319827,-5.518975063
2017-05-03 00:00:00,0.555285925,63.22008863,1,-0.002075186,-7.045994312
2017-05-04 00:00:00,0.698384201,31.07255521,1,-0.035980538,-10.56635874
2017-05-05 00:00:00,0.641647568,14.31372549,1,-0.043686485,-12.38970935
2017-05-08 00:00:00,0.594158848,14.31372549,0.967622572,-0.038429962,-12.7511669
2017-05-09 00:00:00,0.576695994,14.31372549,1,-0.045854345,-13.57146143
2017-05-10 00:00:00,0.511750405,14.31372549,0.958670989,-0.046135247,-13.08017062
2017-05-11 00:00:00,0.445309776,14.31372549,0.955248169,-0.04579319,-12.06268846
2017-05-12 00:00:00,0.484693878,27.04507513,0.778571429,-0.030053569,-9.732925469
2017-05-15 00:00:00,0.446654611,27.04507513,0.727848101,-0.027212494,-7.452790721
2017-05-16 00:00:00,0.407631456,27.04507513,0.700325733,-0.021912272,-5.453084638
2017-05-17 00:00:00,0.400729021,51.49833518,0.196525516,-0.004276212,-0.875277216
2017-05-18 00:00:00,0.390026369,51.49833518,0.229098806,-0.008330372,1.927860291
2017-05-19 00:00:00,0.457528958,51.49833518,0.145945946,-0.002748019,3.161005205
2017-05-22 00:00:00,0.44659112,51.49833518,0,0.006838359,4.710340887
2017-05-23 00:00:00,0.449210337,71.16564417,0,0.025845578,5.663909957
2017-05-24 00:00:00,0.492462312,71.16564417,0.192211055,0.019950328,5.032449246
2017-05-25 00:00:00,0.544328787,71.16564417,0.081658291,0.02207676,4.967160517
2017-05-26 00:00:00,0.541593345,75.20259319,0,0.036586365,5.72108951
2017-05-30 00:00:00,0.585595521,75.20259319,0.055819477,0.032503373,5.602137402
2017-05-31 00:00:00,0.639787622,75.20259319,0,0.03519601,5.676214259
2017-06-01 00:00:00,0.641528714,75.20259319,0.038626609,0.02728934,5.235426121
2017-06-02 00:00:00,0.564054193,75.20259319,0,0.033771183,5.944529327
2017-06-05 00:00:00,0.566666667,75.20259319,0,0.037068546,6.672700834
2017-06-06 00:00:00,0.297848537,63.91509434,0,0.028710037,8.450725644
2017-06-07 00:00:00,0.355679862,63.91509434,0.060240964,0.027948085,8.725763246
2017-06-08 00:00:00,0.385283993,43.08426073,0.491566265,0.016853035,6.058867833
2017-06-09 00:00:00,0.402407117,43.08426073,0.658119658,0.006116694,3.122680448
2017-06-12 00:00:00,0.415576487,43.08426073,0.661782662,0.004919854,0.981374743
2017-06-13 00:00:00,0.418716204,43.08426073,0.769230769,0.007544609,-1.094150634
2017-06-14 00:00:00,0.393589994,43.08426073,0.49247606,0.014757946,-0.732477552
2017-06-15 00:00:00,0.42655419,39.27536232,1,-0.008300067,-3.257542764
2017-06-16 00:00:00,0.40885751,39.27536232,0.97817715,-0.005781262,-4.669716782
2017-06-19 00:00:00,0.469365254,39.27536232,1,-0.014255252,-6.333526589
2017-06-20 00:00:00,0.497493734,39.27536232,1,-0.017907262,-7.887475859
2017-06-21 00:00:00,0.466374269,39.27536232,0.994152047,-0.025451979,-8.475408135
2017-06-22 00:00:00,0.432748538,39.27536232,0.832358674,-0.022774327,-7.386639501
2017-06-23 00:00:00,0.39898357,39.18722787,0.736842105,-0.029223038,-5.72114674
2017-06-26 00:00:00,0.348799766,39.18722787,0.9375,-0.035437645,-5.727644979
2017-06-27 00:00:00,0.422243672,39.18722787,0.779279279,-0.018498154,-4.886098593
2017-06-28 00:00:00,0.368404118,39.18722787,0.825825826,-0.014646086,-4.292659777
2017-06-29 00:00:00,0.318961819,39.18722787,0.960960961,-0.018082754,-4.2525794
2017-06-30 00:00:00,0.267160017,39.18722787,0.998498498,-0.015649762,-4.136927147
2017-07-03 00:00:00,0.421776062,28.37606838,1,-0.03626029,-5.470256796
2017-07-04 00:00:00,0.667002012,38.96713615,1,-0.024550636,-6.672152106
2017-07-05 00:00:00,0.630347054,38.96713615,1,-0.027959216,-7.451801974
2017-07-06 00:00:00,0.568805488,38.96713615,0.870056497,-0.018627569,-6.881477495
2017-07-07 00:00:00,0.56090601,38.96713615,1,-0.02137337,-7.246977608
2017-07-10 00:00:00,0.549086758,38.96713615,1,-0.024627767,-7.461362695
2017-07-11 00:00:00,0.507358823,27.37430168,1,-0.031779661,-7.182644987
2017-07-12 00:00:00,0.456167013,37.34939759,0.826427772,-0.029386,-5.495436323
2017-07-13 00:00:00,0.460760668,37.34939759,0.796103896,-0.02116041,-3.977744127
2017-07-14 00:00:00,0.433024119,46.72131148,0.5,-0.015405546,-1.194516217
2017-07-17 00:00:00,0.42132225,46.72131148,0.376184032,-0.011137821,1.268717611
2017-07-18 00:00:00,0.463790447,46.72131148,0.084745763,-0.0022115,3.763127578
2017-07-19 00:00:00,0.479281136,46.72131148,0.003205128,-8.04991E-05,5.467654654
2017-07-20 00:00:00,0.47266881,55.20581114,0.110932476,0.007687614,5.956251082
2017-07-21 00:00:00,0.428761905,55.20581114,0,0.020265577,7.341087059
2017-07-24 00:00:00,0.412359551,55.20581114,0,0.028886339,8.834580726
2017-07-25 00:00:00,0.467094703,55.20581114,0.025842697,0.024083599,9.257523807
2017-07-26 00:00:00,0.504333868,64.40677966,0.16741573,0.026693538,8.308873437
2017-07-27 00:00:00,0.513272442,67.35751295,0,0.040597409,8.994688905
2017-07-28 00:00:00,0.54735376,67.35751295,0,0.044465546,9.474258586
2017-07-31 00:00:00,0.528424908,67.35751295,0,0.039998359,9.631043188
2017-08-01 00:00:00,0.564567037,67.35751295,0,0.042702437,9.65106885
2017-08-02 00:00:00,0.53154103,67.35751295,0.033210332,0.031943428,8.956062335
2017-08-03 00:00:00,0.556503198,67.35751295,0.07734057,0.027550442,7.809762916
2017-08-04 00:00:00,0.54551495,55.55555556,0.410852713,0.013661092,5.286938312
2017-08-07 00:00:00,0.58372093,55.55555556,0.401550388,0.012760134,3.38723303
2017-08-08 00:00:00,0.627242525,55.55555556,0.28372093,0.018648583,2.416676013
2017-08-09 00:00:00,0.572517896,55.55555556,0,0.018020904,2.769473773
2017-08-10 00:00:00,0.432506887,56.21052632,0,0.022977978,4.45022308
2017-08-11 00:00:00,0.470582707,56.21052632,0,0.025271046,5.378104509
2017-08-14 00:00:00,0.523026316,56.21052632,0.1,0.027401651,5.07120977
2017-08-15 00:00:00,0.417630785,52.66272189,0.556338028,0.007295218,2.94830118
2017-08-16 00:00:00,0.44693159,52.66272189,0.470070423,0.006206024,1.636047376
2017-08-17 00:00:00,0.497862173,52.66272189,0.033450704,0.013885054,2.166929427
2017-08-18 00:00:00,0.424071991,52.66272189,0,0.019552303,3.596922915
2017-08-21 00:00:00,0.465223097,52.66272189,0.076115486,0.018352237,3.777842609
2017-08-22 00:00:00,0.492594676,52.66272189,0.304461942,0.01269616,2.417487569
2017-08-23 00:00:00,0.527371579,52.66272189,0.24015748,0.023018208,1.580027405
2017-08-24 00:00:00,0.58276644,52.66272189,0.17989418,0.024642289,1.097843929
2017-08-25 00:00:00,0.593487395,52.66272189,0.308823529,0.018624188,0.088921914
2017-08-29 00:00:00,0.325528143,73.53914002,0,0.037449353,3.531425962
2017-08-30 00:00:00,0.380853893,73.53914002,0.209927611,0.018763625,4.023350293
2017-08-31 00:00:00,0.421258679,73.53914002,0.142709411,0.019944017,4.341264293
2017-09-01 00:00:00,0.45544625,73.53914002,0,0.029712236,5.212782562
2017-09-04 00:00:00,0.421121474,76.66666667,0,0.049437141,6.890644925
2017-09-05 00:00:00,0.456323931,76.66666667,0,0.049341976,7.661984545
2017-09-06 00:00:00,0.407402476,76.66666667,0,0.041006886,7.788089863
2017-09-07 00:00:00,0.438870152,76.66666667,0,0.036811236,7.912991886
2017-09-08 00:00:00,0.477495108,76.66666667,0,0.041263826,7.642414378
2017-09-11 00:00:00,0.525037412,73.45814978,0.194198227,0.038934745,5.231720625
2017-09-12 00:00:00,0.566037736,73.45814978,0.324036095,0.030971904,2.149305546
2017-09-13 00:00:00,0.613969296,73.45814978,0.30680886,0.029906905,-0.080635741
2017-09-14 00:00:00,0.655631079,73.45814978,0.356029532,0.030537618,-2.176105054
2017-09-15 00:00:00,0.515042573,51.31313131,0.61986755,0.003185076,-3.906556266
2017-09-18 00:00:00,0.502649007,51.31313131,0.904635762,0.002751242,-6.463703975
2017-09-19 00:00:00,0.489865523,51.31313131,1,-0.001639032,-8.337235582
2017-09-20 00:00:00,0.488988501,51.31313131,0.95361528,-0.006891851,-9.129005615
2017-09-21 00:00:00,0.616805171,22.73641851,1,-0.030755382,-11.84801405
2017-09-22 00:00:00,0.566284131,22.73641851,0.950138504,-0.030511774,-12.81022558
2017-09-25 00:00:00,0.510552698,22.73641851,0.977839335,-0.033299697,-13.1277414
2017-09-26 00:00:00,0.460691202,26.01156069,0.853185596,-0.032340901,-11.9416175
2017-09-27 00:00:00,0.473200269,26.01156069,1,-0.04731662,-12.94315926
2017-09-28 00:00:00,0.49661181,26.01156069,0.984511133,-0.038112727,-12.89815844
2017-09-29 00:00:00,0.488888889,26.01156069,0.987777778,-0.032717678,-12.30418359
2017-10-02 00:00:00,0.502851837,26.01156069,1,-0.040563444,-12.53707913
2017-10-03 00:00:00,0.478558027,26.01156069,1,-0.040240082,-12.36039217
2017-10-04 00:00:00,0.42469546,26.01156069,0.941860465,-0.036738859,-11.21246469
2017-10-05 00:00:00,0.45191467,26.01156069,0.920440636,-0.028656352,-9.841400398
2017-10-06 00:00:00,0.491269841,26.01156069,1,-0.036499695,-10.03279868
2017-10-09 00:00:00,0.446753247,46.8879668,0.657575758,-0.024822695,-7.386230584
2017-10-10 00:00:00,0.540989729,49.20174165,0.226143791,-0.000541754,-3.631614805
2017-10-11 00:00:00,0.5356676,49.20174165,0.282352941,-0.004286376,-1.260045034
2017-10-12 00:00:00,0.527170868,49.20174165,0.25620915,-0.002358308,0.525259867
2017-10-13 00:00:00,0.538935574,49.20174165,0.011764706,-0.000346141,2.914074484
2017-10-16 00:00:00,0.50232358,57.16694772,0,0.016178706,4.828150324
2017-10-17 00:00:00,0.506110155,47.74647887,0.446987952,0.001090895,3.493439706
2017-10-18 00:00:00,0.500688468,47.74647887,0.556626506,-0.002260151,1.971352742
2017-10-19 00:00:00,0.50636833,47.74647887,0.407228916,0.009970951,1.77919889
2017-10-20 00:00:00,0.519277108,47.74647887,0.53253012,0.007826942,0.971596479
2017-10-23 00:00:00,0.52555938,47.74647887,0.684337349,0.000510104,-0.322034636
2017-10-24 00:00:00,0.529345955,47.74647887,0.646987952,0.001530012,-0.849813543
2017-10-25 00:00:00,0.53020654,47.74647887,0.681927711,0.010461246,-1.250873167
2017-10-26 00:00:00,0.369108049,40.54487179,1,-0.003910068,-1.523105332
2017-10-27 00:00:00,0.470246172,33.5125448,1,-0.019320118,-2.469042349
2017-10-30 00:00:00,0.432641985,33.5125448,0.849389417,-0.013379872,-2.141915527
2017-10-31 00:00:00,0.395619306,33.5125448,0.899592944,-0.015578376,-1.973625048
2017-11-01 00:00:00,0.370032952,27.11198428,0.712347354,-0.017351493,-0.792404769
2017-11-02 00:00:00,0.330490405,27.11198428,0.654002714,-0.018491522,0.35731701
2017-11-03 00:00:00,0.481203008,36.50793651,0.962406015,-0.013660245,-0.379828459
2017-11-06 00:00:00,0.431614751,36.50793651,0.776942356,-0.00726449,-0.256243032
2017-11-07 00:00:00,0.415145005,36.50793651,0.541353383,-0.008395522,0.528572652
2017-11-08 00:00:00,0.462148962,41.17647059,0,0.002185451,2.157739302
2017-11-09 00:00:00,0.456014013,41.17647059,0,0.007765315,3.255778759
2017-11-10 00:00:00,0.492604126,41.17647059,0.027247956,0.006149869,3.790010434
2017-11-13 00:00:00,0.498442974,41.17647059,0.373297003,0.002313725,3.187548139
2017-11-14 00:00:00,0.496885948,41.17647059,0.555858311,0.000667321,2.279851071
2017-11-15 00:00:00,0.529778124,41.17647059,0.141689373,0.012436338,2.620832336
2017-11-16 00:00:00,0.564732143,41.17647059,0.272727273,0.006289308,2.46978657
2017-11-17 00:00:00,0.614853896,41.17647059,0.025568182,0.011179782,2.848648114
2017-11-20 00:00:00,0.629887218,41.17647059,0,0.00716495,3.214203783
2017-11-21 00:00:00,0.653383459,41.17647059,0.152631579,0.003205128,2.938662927
2017-11-22 00:00:00,0.656600362,56.94915254,0,0.015585543,3.105053085
2017-11-23 00:00:00,0.561513037,56.94915254,0,0.015304115,3.500728719
2017-11-24 00:00:00,0.542228212,56.94915254,0,0.011680778,3.596580392
2017-11-27 00:00:00,0.492610837,54.48028674,0,0.008489097,4.03373632
2017-11-28 00:00:00,0.520232231,54.48028674,0.150246305,0.005487235,3.701821815
2017-11-29 00:00:00,0.516889514,48.71794872,0.544334975,-0.000350385,2.265036297
2017-11-30 00:00:00,0.502463054,48.71794872,0.724137931,0.001760632,0.761108902
2017-12-01 00:00:00,0.493842365,48.71794872,0.955665025,0.000706104,-0.841815175
2017-12-04 00:00:00,0.517149517,35.48387097,1,-0.006824208,-2.082608242
2017-12-05 00:00:00,0.598151848,35.48387097,1,-0.010703125,-3.677573669
2017-12-06 00:00:00,0.594322344,35.48387097,1,-0.016078172,-4.821794072
2017-12-07 00:00:00,0.630236305,33.58778626,1,-0.024257503,-6.391099957
2017-12-08 00:00:00,0.609200969,33.58778626,1,-0.025442219,-7.574795294
2017-12-11 00:00:00,0.583769634,33.58778626,1,-0.030925832,-8.328991625
2017-12-12 00:00:00,0.571031746,33.58778626,1,-0.038322936,-9.106463777
2017-12-13 00:00:00,0.507936508,33.58778626,0.967592593,-0.037078652,-8.815930293
2017-12-14 00:00:00,0.455687831,48.97360704,0.812962963,-0.033902232,-7.008735361
2017-12-15 00:00:00,0.426468527,48.97360704,0.73110893,-0.028834617,-4.935956043
2017-12-18 00:00:00,0.453933145,48.97360704,0.541327125,-0.018109592,-2.487797264
2017-12-19 00:00:00,0.453380589,48.97360704,0.505089059,-0.01550539,-0.724745045
2017-12-20 00:00:00,0.48265896,48.97360704,0.316473988,-0.008584869,1.086102594
2017-12-21 00:00:00,0.489027869,48.97360704,0.273425499,-0.006988888,2.293436025
2017-12-22 00:00:00,0.132206096,95.83132491,0,0.156558006,1.83474882
2017-12-27 00:00:00,0.136389941,51.92782631,0.827855565,0.012423835,4.582415678
2017-12-28 00:00:00,0.145108945,51.92782631,0.77598867,0.028685259,7.654363318
2017-12-29 00:00:00,0.212034294,51.92782631,0,0.171030586,6.123490654
2018-01-02 00:00:00,0.231644068,51.92782631,0.681868142,0.052038648,10.73253717
2018-01-03 00:00:00,0.253281889,51.92782631,0.669124982,0.059634137,13.47608873
2018-01-04 00:00:00,0.271084489,51.92782631,0.676204626,0.057819981,14.46103315
2018-01-05 00:00:00,0.267502105,51.92782631,0.690235612,0.052877698,14.64841238
2018-01-08 00:00:00,0.278400005,51.92782631,0.688734527,0.052088315,14.31182909
2018-01-09 00:00:00,0.277809266,51.92782631,0.751958138,0.039980961,12.13214584
2018-01-10 00:00:00,0.298499826,51.92782631,0.709107866,0.047129766,11.14299952
2018-01-11 00:00:00,0.306161202,51.92782631,0.707499126,0.046261516,10.23090169
2018-01-12 00:00:00,0.328393412,51.92782631,0.68874907,0.049226998,9.449027632
2018-01-15 00:00:00,0.303345296,48.38304451,0.676747539,-0.085554917,9.878653549
2018-01-16 00:00:00,0.252922927,53.22804434,0.705913174,0.042559012,8.744296432
2018-01-17 00:00:00,0.226139562,53.22804434,0.742724553,0.034585593,7.588174261
2018-01-18 00:00:00,0.14450882,7.547769085,0.861933686,-0.090368684,5.791635556
2018-01-19 00:00:00,0.457774968,58.17757009,0.152212389,0.017453603,4.466012426
2018-01-22 00:00:00,0.509734513,58.17757009,0.23539823,0.0134611,2.843922291
2018-01-23 00:00:00,0.556510746,58.17757009,0.207079646,0.014378091,1.516614436
2018-01-24 00:00:00,0.433757109,69.4017094,0,0.027749307,2.929082292
2018-01-25 00:00:00,0.482853892,69.4017094,0,0.026516156,3.546615622
2018-01-26 00:00:00,0.536811312,78.98832685,0.040955631,0.03215103,3.236156073
2018-01-29 00:00:00,0.488331981,68.58108108,0.315340909,0.018261034,1.395682554
2018-01-30 00:00:00,0.491715181,68.58108108,0.315047022,0.016514871,0.010551183
2018-01-31 00:00:00,0.479827455,68.58108108,0.351687389,0.013754899,-1.13146552
2018-02-01 00:00:00,0.402040816,68.58108108,0.597802198,0.001568042,-2.550053428
2018-02-02 00:00:00,0.404111645,66.55737705,1,-0.002024216,-4.89144363
2018-02-05 00:00:00,0.403361345,66.55737705,0.897058824,-0.001534833,-6.062753404
2018-02-06 00:00:00,0.390606242,66.55737705,0.989495798,-0.00060051,-7.018963473
2018-02-07 00:00:00,0.503536068,66.55737705,1,-0.007715645,-8.354970205
2018-02-08 00:00:00,0.583905967,66.55737705,1,-0.012869578,-10.15265433
2018-02-09 00:00:00,0.56530862,66.55737705,1,-0.014474276,-11.12039406
2018-02-12 00:00:00,0.545899633,44.56521739,0.799265606,-0.023195686,-10.27294719
2018-02-13 00:00:00,0.496328029,44.56521739,0.724602203,-0.021845825,-8.966108915
2018-02-14 00:00:00,0.485000915,51.65876777,0.432778489,-0.012489377,-6.417466723
2018-02-15 00:00:00,0.492549823,61.36363636,0,0.006399524,-2.532995989
2018-02-16 00:00:00,0.507915813,61.36363636,0.009126467,0.005353558,-0.121475642
2018-02-19 00:00:00,0.511082138,61.36363636,0.152542373,0.001152374,0.583366988
2018-02-20 00:00:00,0.501396908,61.36363636,0.328552803,-0.001118276,0.020674301
2018-02-21 00:00:00,0.481188303,63.40508806,0.572359844,-0.0004883,-1.638886657
2018-02-22 00:00:00,0.475973179,63.40508806,0.628422425,-0.003936713,-2.976236757
2018-02-23 00:00:00,0.465449804,63.40508806,0.638852673,-0.002591257,-3.811379963
2018-02-26 00:00:00,0.469361147,63.40508806,0.494132986,0.00668101,-3.519852925
2018-02-27 00:00:00,0.471409946,63.40508806,0.696219035,0.00783002,-4.226960534
2018-02-28 00:00:00,0.475880052,63.40508806,0.902216428,0.002853664,-5.532436446
2018-03-01 00:00:00,0.540188559,61.59695817,1,-0.011003554,-7.412710992
2018-03-02 00:00:00,0.540188559,61.59695817,0.674496644,-0.002301279,-6.391585193
2018-03-05 00:00:00,0.532278683,61.59695817,0.717002237,-0.011861553,-5.690480393
2018-03-06 00:00:00,0.524528603,59.02636917,0.470917226,-0.015564346,-3.567246146
2018-03-07 00:00:00,0.491544532,59.02636917,0.511837655,-0.016788699,-2.315080944
2018-03-08 00:00:00,0.503952933,59.02636917,0.658944659,-0.019010842,-2.486115071
2018-03-09 00:00:00,0.552069426,59.02636917,0.599688474,-0.01436728,-2.513468095
2018-03-12 00:00:00,0.630790569,59.02636917,0.557281553,-0.008530628,-2.577619088
2018-03-13 00:00:00,0.609292649,59.02636917,0.417475728,-0.004215756,-2.011038114
2018-03-14 00:00:00,0.595977809,59.02636917,0.386407767,-0.003313378,-1.431623027
2018-03-15 00:00:00,0.570457698,59.02636917,0.572815534,-0.011061117,-1.586032541
2018-03-16 00:00:00,0.550437934,59.02636917,0.900634249,-0.011804639,-2.680075818
2018-03-19 00:00:00,0.510117789,59.02636917,0.803382664,-0.004135524,-2.901996505
2018-03-20 00:00:00,0.489429175,62.71551724,0.862579281,0.002485184,-3.031290674
2018-03-21 00:00:00,0.478705567,55.97964377,0.471830986,-0.000718445,-1.589126499
2018-03-22 00:00:00,0.501676727,55.97964377,0.105633803,0.00662678,0.440548549
2018-03-23 00:00:00,0.344031311,66.85823755,0,0.011416554,3.962741923
2018-03-26 00:00:00,0.332320162,66.85823755,0,0.017301038,6.739794213
2018-03-27 00:00:00,0.352668018,61.44366197,0.258865248,0.015480696,6.750975747
2018-03-28 00:00:00,0.372002702,61.44366197,0.471631206,0.008973194,5.26147897
2018-03-29 00:00:00,0.377490713,61.44366197,0.674940898,0.0035629,2.948530138
2018-04-03 00:00:00,0.40163796,61.44366197,0.447990544,0.008089208,2.556948777
2018-04-04 00:00:00,0.426207362,61.44366197,0.356973995,0.010388727,2.65043973
2018-04-05 00:00:00,0.43321513,61.44366197,0.58392435,0.00678673,1.320327615
2018-04-06 00:00:00,0.454238433,61.44366197,0.501182033,0.016105641,0.836668851
2018-04-09 00:00:00,0.480072464,61.44366197,0.493961353,0.014896373,0.556000751
2018-04-10 00:00:00,0.525879917,61.44366197,0.324879227,0.021319603,1.213729913
2018-04-11 00:00:00,0.459282264,61.44366197,0.053140097,0.022249972,3.035032285
2018-04-12 00:00:00,0.461971479,61.44366197,0.38704028,0.009178798,2.777377726
2018-04-13 00:00:00,0.49837378,51.86813187,0.304728546,-0.002153572,2.723564809
2018-04-16 00:00:00,0.50525394,51.86813187,0.106830123,-0.00225525,3.215325873
2018-04-17 00:00:00,0.50889538,55.14018692,0.321561338,0.00048455,2.369439107
2018-04-18 00:00:00,0.52186853,55.14018692,0,0.014259447,2.842829385
2018-04-19 00:00:00,0.563664596,55.14018692,0.10326087,0.018695472,2.554670674
2018-04-20 00:00:00,0.531729323,49.89429175,0.618947368,0.002474783,0.649753008
2018-04-23 00:00:00,0.566298343,48.65979381,1,-0.00972108,-2.246721035
2018-04-24 00:00:00,0.544067351,48.65979381,0.832412523,0.00086616,-3.437924146
2018-04-25 00:00:00,0.570110259,48.65979381,1,-0.007173978,-4.989731015
2018-04-26 00:00:00,0.559001161,48.65979381,1,-0.008446263,-5.877115648
2018-04-27 00:00:00,0.534727062,48.65979381,0.97398374,-0.0130326,-6.064778168
2018-04-30 00:00:00,0.577871148,42.88990826,1,-0.027799371,-6.95168947
2018-05-01 00:00:00,0.565630536,42.88990826,1,-0.025533977,-7.933740978
2018-05-02 00:00:00,0.536130008,42.88990826,1,-0.029396443,-8.497428113
2018-05-03 00:00:00,0.49281935,46.56652361,0.77037037,-0.025419646,-6.994990039
2018-05-04 00:00:00,0.432426304,46.56652361,0.88994709,-0.024364801,-6.366344908
2018-05-08 00:00:00,0.378760393,46.56652361,0.949206349,-0.033186577,-5.94006001
2018-05-09 00:00:00,0.342583655,46.56652361,0.782657658,-0.025767463,-4.366683503
2018-05-10 00:00:00,0.401909151,46.56652361,0.551459293,-0.013428091,-2.440419894
2018-05-11 00:00:00,0.494784121,56.65796345,0.182555781,3.77558E-05,-0.311808
2018-05-14 00:00:00,0.481889307,56.65796345,0.365111562,-0.006772773,0.550022157
2018-05-15 00:00:00,0.635799465,30.39215686,1,-0.020164189,-2.025953028
2018-05-16 00:00:00,0.611458783,30.39215686,1,-0.022298781,-3.923918153
2018-05-17 00:00:00,0.567021931,30.39215686,1,-0.024214907,-5.033211182
2018-05-18 00:00:00,0.515652863,30.39215686,1,-0.018961316,-5.50835771
2018-05-21 00:00:00,0.466415692,30.39215686,0.998613037,-0.014344733,-5.389026709
2018-05-22 00:00:00,0.438577373,30.39215686,0.868238558,-0.008549302,-4.297557283
2018-05-23 00:00:00,0.408460472,22.58566978,0.980582524,-0.019809133,-3.761001071
2018-05-24 00:00:00,0.388250446,38.94348894,0.540915395,-0.003474874,-1.051865772
2018-05-25 00:00:00,0.376560333,38.94348894,0.578363384,-0.00237257,0.684052439
2018-05-29 00:00:00,0.35456707,38.94348894,0.800277393,-0.013966587,0.86864331
2018-05-30 00:00:00,0.328511987,38.94348894,0.656033287,-0.013724598,1.754022212
2018-05-31 00:00:00,0.301862493,38.94348894,0.52704577,-0.014346661,2.958031247
2018-06-01 00:00:00,0.277563957,38.94348894,0.800316957,-0.019130962,2.326309337
2018-06-04 00:00:00,0.411395057,59.58646617,0.580645161,0.00034749,2.052370412
2018-06-05 00:00:00,0.399036447,59.58646617,0.780058651,0.000619555,1.469915352
2018-06-06 00:00:00,0.436112275,59.58646617,0.307917889,0.00822024,2.18269588
2018-06-07 00:00:00,0.468579807,59.58646617,0.475073314,0.00694714,2.27373997
2018-06-08 00:00:00,0.508823529,59.58646617,0.417647059,0.007684247,2.456532724
2018-06-11 00:00:00,0.538444736,59.58646617,0.351681957,0.005065543,2.726322894
2018-06-12 00:00:00,0.562909567,59.58646617,0.409785933,0.007486424,2.736723417
2018-06-13 00:00:00,0.501074114,42.81914894,0.691729323,-0.006667433,2.379926018
2018-06-14 00:00:00,0.489795918,42.81914894,0.195488722,-0.000575374,2.967737134
2018-06-15 00:00:00,0.597547974,31.50684932,1,-0.007912003,1.034021067
2018-06-18 00:00:00,0.618247299,31.50684932,1,-0.014722842,-0.619760018
2018-06-19 00:00:00,0.628791585,31.50684932,1,-0.022369479,-2.226956842
2018-06-20 00:00:00,0.633475106,31.50684932,1,-0.015757763,-3.275286073
2018-06-21 00:00:00,0.658567525,31.50684932,1,-0.022617623,-4.689483234
2018-06-22 00:00:00,0.607240437,31.50684932,0.918032787,-0.017723772,-4.837806121
2018-06-25 00:00:00,0.56167057,27.38589212,0.930327869,-0.024151988,-4.614243749
2018-06-26 00:00:00,0.555106848,27.38589212,1,-0.02848333,-5.173494469
2018-06-27 00:00:00,0.544503783,27.38589212,1,-0.033622184,-5.837673599
2018-06-28 00:00:00,0.506487165,27.38589212,1,-0.036972915,-6.181263597
2018-06-29 00:00:00,0.449740508,27.38589212,1,-0.037115466,-6.042925745
2018-07-02 00:00:00,0.410178084,27.38589212,1,-0.037302781,-5.793838459
2018-07-03 00:00:00,0.352463278,18.41491841,0.92811647,-0.039147956,-4.632794648
2018-07-04 00:00:00,0.42733168,31.98380567,0.790387183,-0.023030539,-2.956840681
2018-07-05 00:00:00,0.411216931,31.98380567,0.771851852,-0.020326948,-1.556191118
2018-07-06 00:00:00,0.423532376,31.98380567,0.733686067,-0.016299024,-0.397974512
2018-07-09 00:00:00,0.416666667,44.37086093,0.460227273,-0.009535395,1.422783243
2018-07-10 00:00:00,0.447641352,44.37086093,0.709601874,-0.009596019,1.677497931
2018-07-11 00:00:00,0.398293744,44.37086093,0.831381733,-0.013985738,1.629083778
2018-07-12 00:00:00,0.383458647,44.37086093,1,-0.017971152,1.019356828
2018-07-13 00:00:00,0.541242541,45.42372881,1,-0.014758391,0.253375391
2018-07-16 00:00:00,0.488919195,45.42372881,1,-0.010760402,-0.111479632
2018-07-17 00:00:00,0.580708181,44.66666667,1,-0.014981423,-1.188328026
2018-07-18 00:00:00,0.621932661,44.66666667,1,-0.020752529,-2.652281459
2018-07-19 00:00:00,0.628170144,44.66666667,1,-0.024242667,-4.103769194
2018-07-20 00:00:00,0.597592295,57.43589744,0.748314607,-0.018374276,-3.145419769
2018-07-23 00:00:00,0.554574639,57.43589744,0.833707865,-0.024449488,-2.634230226
2018-07-24 00:00:00,0.510754414,57.43589744,0.757303371,-0.021624851,-1.505130931
2018-07-25 00:00:00,0.47223114,57.43589744,0.686516854,-0.018998686,-0.076405361
2018-07-26 00:00:00,0.428731942,57.43589744,0.759550562,-0.026781823,0.648532046
2018-07-27 00:00:00,0.448755634,57.43589744,0.82441701,-0.023963317,0.75885102
2018-07-30 00:00:00,0.419497784,57.43589744,0.815361891,-0.022055298,1.006113
2018-07-31 00:00:00,0.424162257,57.43589744,0.880070547,-0.020025684,0.979337801
2018-08-01 00:00:00,0.418367347,57.43589744,0.939958592,-0.018281388,0.894844693
2018-08-02 00:00:00,0.40267335,57.43589744,1,-0.02066715,0.572348331
2018-08-03 00:00:00,0.493207081,57.43589744,0.951008646,-0.013384166,0.677872875
2018-08-06 00:00:00,0.58139915,61.70798898,1,-0.012127399,0.087330895
2018-08-07 00:00:00,0.541680288,62.74509804,0.876430206,-0.004270872,0.284656356
2018-08-08 00:00:00,0.517735112,33.83084577,1,-0.015625636,0.262814649
2018-08-09 00:00:00,0.470875366,41.92139738,0.781321185,-0.008653414,1.074177666
2018-08-10 00:00:00,0.436544094,41.92139738,0.77904328,-0.011356698,1.756528199
2018-08-13 00:00:00,0.53875258,25.46419098,1,-0.025294356,0.51858466
2018-08-14 00:00:00,0.565371429,25.46419098,1,-0.025442703,-0.493550907
2018-08-15 00:00:00,0.699982973,24.24242424,1,-0.034274276,-2.796923259
2018-08-16 00:00:00,0.64178736,24.24242424,1,-0.035463311,-4.072183083
2018-08-17 00:00:00,0.625398691,24.24242424,1,-0.034849912,-4.677963467
2018-08-20 00:00:00,0.591045039,28.40095465,0.853448276,-0.028424938,-3.80700822
2018-08-21 00:00:00,0.580286468,30.55555556,0.668865435,-0.020157143,-1.964480697
2018-08-22 00:00:00,0.544854881,30.55555556,0.518469657,-0.016155554,0.280026824
2018-08-23 00:00:00,0.52609127,30.55555556,0.6125,-0.014301658,1.381835311
2018-08-24 00:00:00,0.502380952,30.55555556,0.463888889,-0.012083969,2.938194991
2018-08-28 00:00:00,0.50218254,49.23857868,0.059722222,0.002232235,5.865419878
2018-08-29 00:00:00,0.49156746,49.23857868,0.283333333,-0.008358381,6.600499672
2018-08-30 00:00:00,0.457738095,49.23857868,0.475,-0.014081028,6.054788045
2018-08-31 00:00:00,0.461595273,49.23857868,0.289512555,0.00174949,6.259113885
2018-09-03 00:00:00,0.460962228,49.23857868,0.360413589,0.002548037,5.94492507
2018-09-04 00:00:00,0.447984807,61.26315789,0.632200886,0.00748731,4.440741698
2018-09-05 00:00:00,0.479004009,61.26315789,0.459379616,0.013808878,4.1803349
2018-09-06 00:00:00,0.531230217,61.26315789,0.209748892,0.022700272,5.035478142
2018-09-07 00:00:00,0.48374296,61.26315789,0.478494624,0.01228522,4.657282325
2018-09-10 00:00:00,0.367823765,61.26315789,0.731308411,0.004744112,4.019423785
2018-09-11 00:00:00,0.392538265,61.26315789,1,-0.00568253,2.675112992
2018-09-12 00:00:00,0.389190051,61.26315789,0.743303571,0.00272571,2.547827078
2018-09-13 00:00:00,0.444834184,61.26315789,0.109375,0.010102697,4.262732823
2018-09-14 00:00:00,0.45838648,60.68376068,0.459821429,-0.008496597,4.218315814
2018-09-17 00:00:00,0.477622628,60.68376068,0.395989975,-0.001909982,4.059458959
2018-09-18 00:00:00,0.46330111,60.68376068,0.481203008,0.002422116,3.617350347
2018-09-19 00:00:00,0.484783387,60.68376068,0.325814536,0.00070689,3.625285983
2018-09-20 00:00:00,0.505907626,60.68376068,0.072681704,0.006916378,4.155510766
2018-09-21 00:00:00,0.501074114,59.53878407,0.556390977,0.00659193,3.099590442
2018-09-24 00:00:00,0.54368063,59.53878407,0.353383459,0.005055569,2.846397578
2018-09-25 00:00:00,0.562298604,59.53878407,0.395989975,-0.00269676,2.4777109
2018-09-26 00:00:00,0.523272467,59.53878407,0.779448622,-0.003878555,1.18239467
2018-09-27 00:00:00,0.570696721,59.53878407,1,-0.009359853,-0.781669703
2018-09-28 00:00:00,0.543325527,59.53878407,0.924180328,-0.002185149,-1.694453369
2018-10-01 00:00:00,0.541861827,59.53878407,0.838114754,-0.005227501,-1.864694191
2018-10-02 00:00:00,0.568501171,61.4,0.209016393,-0.004215573,0.134818867
2018-10-03 00:00:00,0.577653284,61.4,0.311546841,-0.000623986,0.983240638
2018-10-04 00:00:00,0.582321818,61.4,0.213507625,0.001289625,1.79736715
2018-10-05 00:00:00,0.588235294,61.4,0.198257081,0.0029995,2.300716513
2018-10-08 00:00:00,0.546996576,47.67080745,0.932461874,-0.013587634,0.382318943
2018-10-09 00:00:00,0.491752256,47.67080745,0.993464052,-0.018868705,-0.982322688
2018-10-10 00:00:00,0.511658031,47.67080745,0.834196891,-0.008425795,-1.358127935
2018-10-11 00:00:00,0.514356611,50.14792899,0,0.002327998,0.68277714
2018-10-12 00:00:00,0.337076315,50.14792899,0,0.014851485,3.778888472
2018-10-15 00:00:00,0.304874138,50.14792899,0,0.029893238,6.854925209
2018-10-16 00:00:00,0.357300536,50.14792899,0,0.038214949,8.535351042
2018-10-17 00:00:00,0.424220851,50.14792899,0.03654485,0.035207412,8.927165722
2018-10-18 00:00:00,0.480778358,50.14792899,0.170542636,0.028292765,7.908822065
2018-10-19 00:00:00,0.541686442,50.14792899,0.063122924,0.019216402,7.433201004
2018-10-22 00:00:00,0.569530138,50.14792899,0.186046512,0.017565768,5.978331618
2018-10-23 00:00:00,0.559452948,50.14792899,0,0.027005692,6.422927474
2018-10-24 00:00:00,0.597859977,50.14792899,0.107142857,0.022221299,5.588672753
2018-10-25 00:00:00,0.636125283,73.69565217,0.10218254,0.036943426,4.704994162
2018-10-26 00:00:00,0.702593537,73.69565217,0.041666667,0.040740585,4.183316823
2018-10-29 00:00:00,0.751697089,73.69565217,0.10876452,0.035503954,3.127771921
2018-10-30 00:00:00,0.699718045,70.12345679,0.347039474,0.016465514,1.485870734
2018-10-31 00:00:00,0.597278912,56.63900415,1,-0.003935233,-1.085421042
2018-11-01 00:00:00,0.636054422,60.7879925,0.228571429,0.000975649,-0.700490095
2018-11-02 00:00:00,0.643367347,60.7879925,0.183333333,0.001137564,-0.427676921
2018-11-05 00:00:00,0.648639456,60.7879925,0.176190476,0.002603637,-0.340571813
2018-11-06 00:00:00,0.657312925,60.7879925,0.207142857,0.007031889,-0.475763146
2018-11-07 00:00:00,0.680952381,60.7879925,0.285714286,0.001710307,-0.869749596
2018-11-08 00:00:00,0.668367347,60.7879925,0.561904762,0.00151354,-1.932994665
2018-11-09 00:00:00,0.68460867,55.95854922,1,-0.019863263,-4.242640849
2018-11-12 00:00:00,0.72387683,55.95854922,1,-0.020316119,-6.322078037
2018-11-13 00:00:00,0.689876265,55.95854922,1,-0.023318167,-7.827483074
2018-11-14 00:00:00,0.627896513,55.95854922,0.963779528,-0.024800421,-8.289217133
2018-11-15 00:00:00,0.60909737,55.95854922,0.676616915,-0.01539649,-7.102817588
2018-11-16 00:00:00,0.589196873,55.95854922,0.326699834,-0.00244818,-4.680515207
2018-11-19 00:00:00,0.580194267,55.95854922,0.353233831,0.005473476,-3.048547094
2018-11-20 00:00:00,0.599265577,45.27896996,0.306799337,-0.006619827,-1.709749676
2018-11-21 00:00:00,0.587301587,45.27896996,0.2039801,-0.004869735,-0.404011021
2018-11-22 00:00:00,0.575337598,45.27896996,0.172470978,-0.004219923,0.539062931
2018-11-23 00:00:00,0.567191283,45.27896996,0.269491525,-0.006455018,0.648945871
2018-11-26 00:00:00,0.579764042,45.27896996,0.23518851,-0.00532542,0.631412784
2018-11-27 00:00:00,0.622101346,45.27896996,0.234468938,-0.002409835,0.284608906
2018-11-28 00:00:00,0.590896078,57.02702703,0.553106212,0.001527159,-0.984947307
2018-11-29 00:00:00,0.633409676,62.05250597,0.032064128,0.017170586,-0.090109564
2018-11-30 00:00:00,0.6677641,59.9078341,0.380761523,0.012852508,-0.655061727
2018-12-03 00:00:00,0.647874307,59.9078341,0,0.022480781,0.633904602
2018-12-04 00:00:00,0.406728597,59.9078341,0,0.023476503,2.66485943
2018-12-05 00:00:00,0.439529971,59.9078341,0.162661738,0.011043848,3.210389797
2018-12-06 00:00:00,0.454900049,59.9078341,0,0.01714964,4.199340528
2018-12-07 00:00:00,0.495127169,59.9078341,0,0.016598528,4.651756541
2018-12-10 00:00:00,0.513239875,59.9078341,0,0.015700188,4.899490224
2018-12-11 00:00:00,0.555963507,59.9078341,0.001557632,0.01487307,4.726745263
2018-12-12 00:00:00,0.59021978,59.9078341,0,0.01806072,4.352552464
2018-12-13 00:00:00,0.632197802,59.9078341,0.092307692,0.015816577,3.42144964
2018-12-14 00:00:00,0.658461538,59.9078341,0.32,0.011586964,1.620702733
2018-12-17 00:00:00,0.703406593,59.9078341,0.126153846,0.023408201,1.114187971
2018-12-18 00:00:00,0.727701863,59.44055944,0,0.016350663,1.232287433
2018-12-19 00:00:00,0.613484646,63.27543424,0,0.03075849,2.249806467
2018-12-20 00:00:00,0.449551298,57.47126437,0,0.023937251,3.268436925
2018-12-21 00:00:00,0.417154567,54.03726708,0.06557377,0.014391679,3.416431953
2018-12-24 00:00:00,0.114295175,96.53881165,0,0.185006394,2.733145562
2018-12-27 00:00:00,0.124298941,51.22223963,0.857547622,0.020482073,3.917980064
2018-12-28 00:00:00,0.135658357,51.22223963,0.809554477,0.028713907,5.721357569
2018-12-31 00:00:00,0.204609361,51.22223963,0,0.176014295,4.577086055
2019-01-02 00:00:00,0.216311585,51.22223963,0.792538726,0.030193528,5.983221648
2019-01-03 00:00:00,0.230382303,51.22223963,0.759597977,0.035881999,7.339591924
2019-01-04 00:00:00,0.241024938,51.22223963,0.805627765,0.029893382,6.266739248
2019-01-07 00:00:00,0.256435724,51.22223963,0.751962704,0.046019347,6.629721467
2019-01-08 00:00:00,0.251794819,51.22223963,0.799012471,0.036081021,5.554700914
2019-01-09 00:00:00,0.25121941,51.22223963,0.806185036,0.033940464,4.630381237
2019-01-10 00:00:00,0.235675351,51.22223963,0.823907873,0.02940239,3.985199366
2019-01-11 00:00:00,0.235759544,51.22223963,0.850774762,0.023179202,2.741993291
2019-01-14 00:00:00,0.247179842,51.22223963,0.832363856,0.027500695,2.044417051
2019-01-15 00:00:00,0.222626256,48.56058173,0.865682624,-0.11617867,1.446323525
2019-01-16 00:00:00,0.160028616,50.53104748,0.876366961,0.019164038,0.460007947
2019-01-17 00:00:00,0.118970781,50.53104748,0.936944017,0.009147772,-0.655164188
2019-01-18 00:00:00,0.116688089,6.341860221,0.976712624,-0.12314327,-2.416561805
2019-01-21 00:00:00,0.584656085,53.82932166,1,-0.002611271,-4.24903247
2019-01-22 00:00:00,0.580808081,53.82932166,0.828282828,-0.006470611,-5.101330442
2019-01-23 00:00:00,0.52958153,65.42553191,0.983164983,-7.81311E-05,-5.902000666
2019-01-24 00:00:00,0.547859548,37.5,0.720538721,-0.006577929,-5.823548276
2019-01-25 00:00:00,0.556036556,61.07784431,0.033670034,0.005791131,-4.38081586
2019-01-28 00:00:00,0.414981037,61.07784431,0,0.010515288,-2.397513693
2019-01-29 00:00:00,0.383290816,61.07784431,0,0.012113941,-0.537657122
2019-01-30 00:00:00,0.387640449,61.07784431,0,0.0168742,0.86137533
2019-01-31 00:00:00,0.332379863,65.87926509,0,0.023593115,3.096041388
2019-02-01 00:00:00,0.374795685,65.87926509,0.104118993,0.018773177,3.547700908
2019-02-04 00:00:00,0.403808434,65.70680628,0.254004577,0.01536021,2.594773151
2019-02-05 00:00:00,0.439604446,65.70680628,0.207093822,0.018207174,1.903181153
2019-02-06 00:00:00,0.475073553,65.70680628,0.248283753,0.021959196,0.915909994
2019-02-07 00:00:00,0.517244197,65.70680628,0.303203661,0.023797429,-0.28360149
2019-02-08 00:00:00,0.572497123,65.70680628,0.193325662,0.025544029,-0.627258213
2019-02-11 00:00:00,0.612444518,59.76190476,0.387802071,0.020784498,-2.112586908
2019-02-12 00:00:00,0.628770092,59.76190476,0.335018963,0.020487653,-2.692809382
2019-02-13 00:00:00,0.570576783,59.76190476,0.3560477,0.014607002,-2.771283396
2019-02-14 00:00:00,0.462085308,59.76190476,0.559241706,0.007142034,-3.054527752
2019-02-15 00:00:00,0.38745231,59.76190476,0.397626113,0.006883102,-2.621060304
2019-02-18 00:00:00,0.408937921,59.76190476,0,0.011291676,-1.263724925
2019-02-19 00:00:00,0.341827542,51.43678161,0,0.008237295,0.566108899
2019-02-20 00:00:00,0.293172691,53.18559557,0,0.018995981,2.716135965
2019-02-21 00:00:00,0.317173456,43.43891403,0.334672021,0.014556263,2.127214617
2019-02-22 00:00:00,0.349493211,43.43891403,0.393574297,0.01129965,1.162241219
2019-02-25 00:00:00,0.381717346,43.43891403,0.340026774,0.014210607,0.545570572
2019-02-26 00:00:00,0.405909352,43.43891403,0.500669344,0.01148855,-0.842789848
2019-02-27 00:00:00,0.43048384,43.43891403,0.55957162,0.006084344,-2.155115189
2019-02-28 00:00:00,0.43870721,43.43891403,0.658634538,0.009759645,-3.537529999
2019-03-01 00:00:00,0.390582011,43.43891403,0.942222222,0.00148855,-5.330067963
2019-03-04 00:00:00,0.61739503,26.5560166,1,-0.02087142,-9.743290658
2019-03-05 00:00:00,0.593053735,26.5560166,1,-0.021083533,-12.36105099
2019-03-06 00:00:00,0.562552127,26.5560166,0.965804837,-0.023318522,-13.2221807
2019-03-07 00:00:00,0.525318718,26.5560166,0.974979149,-0.030328178,-13.23886234
2019-03-08 00:00:00,0.491063982,30.13157895,0.783986656,-0.02803283,-11.16358784
2019-03-11 00:00:00,0.441737162,30.13157895,0.850708924,-0.037953488,-9.83242682
2019-03-12 00:00:00,0.487806714,30.13157895,0.720758693,-0.025690141,-7.955660058
2019-03-13 00:00:00,0.45313681,30.13157895,0.51005291,-0.016628419,-5.102411011
2019-03-14 00:00:00,0.402494331,30.13157895,0.751322751,-0.026670674,-4.493696866
2019-03-15 00:00:00,0.413333333,30.13157895,0.522424242,-0.016263537,-2.843737883
2019-03-18 00:00:00,0.401042619,30.13157895,0.441741357,-0.013040027,-1.367825595
2019-03-19 00:00:00,0.412406547,30.13157895,0.323903819,-0.008679832,-0.075254614
2019-03-20 00:00:00,0.478685613,30.13157895,0.293072824,-0.006288349,0.256238903
2019-03-21 00:00:00,0.515780731,50.10940919,0,0.018826824,1.230975969
2019-03-22 00:00:00,0.551168831,50.10940919,0,0.021420782,2.018914284
2019-03-25 00:00:00,0.473305527,50.10940919,0,0.026208345,3.479875614
2019-03-26 00:00:00,0.536809176,50.10940919,0.094890511,0.024118883,3.810351116
2019-03-27 00:00:00,0.473081023,46.47887324,0.367537313,0.009986505,2.978673022
2019-03-28 00:00:00,0.468816631,40.49079755,0.910447761,0.001856507,0.440687655
2019-03-29 00:00:00,0.424326698,40.49079755,0.989754098,-0.001272117,-1.145734235
2019-04-01 00:00:00,0.451055662,36.18421053,1,-0.010291136,-2.324376308
2019-04-02 00:00:00,0.47045177,36.18421053,1,-0.004052333,-3.346271731
2019-04-03 00:00:00,0.457997558,36.18421053,0.994871795,-0.010011507,-3.781146765
2019-04-04 00:00:00,0.524529042,36.18421053,1,-0.017195159,-4.767557116
2019-04-05 00:00:00,0.490875196,36.18421053,0.854395604,-0.014720502,-4.428878504
2019-04-08 00:00:00,0.475765306,44.25287356,0.537087912,-0.002838076,-2.469598785
2019-04-09 00:00:00,0.47439168,44.25287356,0.45467033,-0.005039707,-0.682919705
2019-04-10 00:00:00,0.466248038,44.25287356,0.387362637,-0.004461222,0.83327305
2019-04-11 00:00:00,0.441718995,44.25287356,0.570054945,-0.015725058,0.937068209
2019-04-12 00:00:00,0.430618401,44.25287356,0.663650075,-0.016713515,0.422438988
2019-04-15 00:00:00,0.455205811,44.25287356,0.905838041,-0.018362984,-0.983478371
2019-04-16 00:00:00,0.567133039,55.39568345,1,-0.014515693,-2.955058774
2019-04-17 00:00:00,0.527871622,55.39568345,1,-0.015091864,-4.047906252
2019-04-18 00:00:00,0.482953181,55.39568345,1,-0.013761113,-4.478793724
2019-04-23 00:00:00,0.524438705,55.39568345,1,-0.016120282,-5.234175311
2019-04-24 00:00:00,0.48738327,55.39568345,0.940194715,-0.014568561,-5.075660441
2019-04-25 00:00:00,0.468209815,55.39568345,0.685674548,-0.00183143,-3.447626838
2019-04-26 00:00:00,0.470296046,55.39568345,0.591098748,-0.003298537,-1.70991687
2019-04-29 00:00:00,0.452513411,49.59349593,0.721835883,-0.015769231,-1.024506415
2019-04-30 00:00:00,0.41734552,49.59349593,0.64394993,-0.015886416,-0.074987244
2019-05-01 00:00:00,0.379197298,49.59349593,0.602225313,-0.01658432,0.824539776
2019-05-02 00:00:00,0.381155534,41.59090909,0.950511945,-0.02144287,-0.187868254
2019-05-03 00:00:00,0.391993088,41.59090909,0.635080645,-0.01216874,0.26500261
2019-05-07 00:00:00,0.544007077,41.59090909,0.275541796,-0.003461284,0.980142791
2019-05-08 00:00:00,0.55755232,41.59090909,0,0.006933835,1.992253218
2019-05-09 00:00:00,0.569277108,41.59090909,0,0.00803386,2.737232077
2019-05-10 00:00:00,0.582589286,41.59090909,0,0.00893627,3.282249849
2019-05-13 00:00:00,0.447318008,41.59090909,0,0.020559275,4.623149199
2019-05-14 00:00:00,0.447697112,41.59090909,0,0.021035662,5.654541084
2019-05-15 00:00:00,0.506216696,39.81264637,0,0.014287945,6.156950389
2019-05-16 00:00:00,0.533874651,39.81264637,0.262877442,0.005840212,5.253587444
2019-05-17 00:00:00,0.525247399,39.81264637,0.65008881,0.001016022,3.057771832
2019-05-20 00:00:00,0.518523217,39.81264637,0.790408526,-0.004250175,1.047076456
2019-05-21 00:00:00,0.490230906,39.81264637,0.992895204,-0.00985356,-0.967933491
2019-05-22 00:00:00,0.464856635,43.81443299,0.898756661,0.002242417,-1.812056475
2019-05-23 00:00:00,0.493483261,47.46987952,0.552772809,0.003988894,-0.954935469
2019-05-24 00:00:00,0.503577818,47.46987952,0.59391771,0.001014674,-0.478251502
2019-05-28 00:00:00,0.496166624,47.46987952,0.744186047,-0.005368814,-0.65320438
2019-05-29 00:00:00,0.487094301,47.46987952,0.624329159,-0.003460073,-0.262283779
2019-05-30 00:00:00,0.473933044,47.46987952,0.649373882,-0.004778184,-0.053502628
2019-05-31 00:00:00,0.495527728,57.25490196,0.127012522,-3.85922E-05,1.983114847
2019-06-03 00:00:00,0.334836002,66.40986133,0,0.014402341,5.941167473
2019-06-04 00:00:00,0.324522464,66.40986133,0,0.019359557,9.044560929
2019-06-05 00:00:00,0.309859155,66.40986133,0,0.033560424,11.89484012
2019-06-06 00:00:00,0.356310356,79.08256881,0,0.042707683,13.08891947
2019-06-07 00:00:00,0.391418294,79.08256881,0,0.049966715,13.75238296
2019-06-10 00:00:00,0.444604317,64.13690476,0.173381295,0.045195296,11.82181478
2019-06-11 00:00:00,0.479378139,64.13690476,0.244577412,0.039645156,9.328790843
2019-06-12 00:00:00,0.508878451,64.13690476,0.133119487,0.03793869,8.168953071
2019-06-13 00:00:00,0.568736396,64.13690476,0.076182839,0.041637427,7.3125535
2019-06-14 00:00:00,0.553412318,64.13690476,0,0.057067981,8.180667072
2019-06-17 00:00:00,0.600589311,64.13690476,0.141536273,0.046541568,6.836344941
2019-06-18 00:00:00,0.661247714,64.13690476,0.140825036,0.047152504,5.436554425
2019-06-19 00:00:00,0.65337266,64.13690476,0.129263914,0.037435838,4.401219341
2019-06-20 00:00:00,0.333962912,74.63157895,0,0.047376813,7.818617549
2019-06-21 00:00:00,0.266215951,74.63157895,0,0.055050028,11.55802802
2019-06-24 00:00:00,0.309275184,74.63157895,0,0.052919366,14.11541889
2019-06-25 00:00:00,0.299319728,74.63157895,0,0.071808311,17.9546541
2019-06-26 00:00:00,0.344971322,56.35930048,0.256302521,0.047215903,15.5713255
2019-06-27 00:00:00,0.386221155,56.35930048,0.26984127,0.05562246,12.69578079
2019-06-28 00:00:00,0.439842604,56.35930048,0.209150327,0.063958318,10.64822998
2019-07-01 00:00:00,0.441768227,56.35930048,0.416961131,0.043344467,5.960778896
2019-07-02 00:00:00,0.464921466,56.35930048,0.422513089,0.04128303,2.384388835
2019-07-03 00:00:00,0.494371333,56.35930048,0.198668147,0.046068455,2.430595614
2019-07-04 00:00:00,0.54483114,56.35930048,0.183129856,0.054872139,2.052690209
2019-07-05 00:00:00,0.582136908,56.35930048,0.474736258,0.035262981,-2.105025375
2019-07-08 00:00:00,0.617262245,56.35930048,0.358328563,0.041702318,-3.597248802
2019-07-09 00:00:00,0.421208368,48.3537159,0.767822736,0.008735049,-5.885076261
2019-07-10 00:00:00,0.345446951,48.3537159,0.540350877,0.007980532,-5.309054149
2019-07-11 00:00:00,0.373182957,48.3537159,0.412865497,0.005726684,-4.398401433
2019-07-12 00:00:00,0.376357561,44.98997996,0.556725146,-0.016627078,-4.796291612
2019-07-15 00:00:00,0.56122449,46.09856263,0.095238095,0.006018733,-4.584954509
2019-07-16 00:00:00,0.577278912,46.09856263,0.192380952,0.005240642,-4.930513808
2019-07-17 00:00:00,0.598639456,46.09856263,0.173333333,0.000958126,-5.206484807
2019-07-18 00:00:00,0.566592262,46.09856263,0,0.019674844,-4.570112556
2019-07-19 00:00:00,0.389044354,46.09856263,0,0.034973581,-1.451169492
2019-07-22 00:00:00,0.440394571,45.87628866,0.234084231,0.010081358,-1.301519983
2019-07-23 00:00:00,0.457254792,45.87628866,0.277179236,0.007527034,-1.773400152
2019-07-24 00:00:00,0.474115013,65.05847953,0.249755142,0.027580744,-2.146577228
2019-07-25 00:00:00,0.483162735,65.05847953,0.490134995,0.011427755,-3.996966837
2019-07-26 00:00:00,0.513276962,65.05847953,0.400830737,0.020732277,-4.733459054
2019-07-29 00:00:00,0.331108144,65.05847953,0.643302181,0.007633317,-5.443524916
2019-07-30 00:00:00,0.370271473,65.05847953,0.429906542,0.008594164,-5.040787844
2019-07-31 00:00:00,0.400979083,65.05847953,0.378504673,0.014173061,-4.613894323
2019-08-01 00:00:00,0.413808076,51.74418605,1,-0.003964882,-7.042753812
2019-08-02 00:00:00,0.449519722,62.74685817,0,0.022626521,-4.008879526
2019-08-05 00:00:00,0.336490285,62.74685817,0,0.038926508,0.837602304
2019-08-06 00:00:00,0.403580594,62.74685817,0,0.03372253,3.564791575
2019-08-07 00:00:00,0.301439367,66.28757108,0,0.04608599,10.02008205
2019-08-08 00:00:00,0.341777618,66.28757108,0.103778338,0.047627386,11.92867409
2019-08-09 00:00:00,0.392119467,66.28757108,0.084130982,0.050612044,12.42377701
2019-08-12 00:00:00,0.449082404,66.28757108,0.013602015,0.054486843,12.62322031
2019-08-13 00:00:00,0.500503778,66.28757108,0.077078086,0.058117365,10.90057401
2019-08-14 00:00:00,0.531839227,66.28757108,0,0.06536891,10.73814573
2019-08-15 00:00:00,0.58261697,66.28757108,0,0.068073711,9.94861239
2019-08-16 00:00:00,0.645744471,66.28757108,0.003674782,0.062662178,8.427356577
2019-08-19 00:00:00,0.692138592,66.28757108,0.175011484,0.048369584,4.178665657
2019-08-20 00:00:00,0.742666842,68.62910008,0.101975195,0.069483935,1.828770341
2019-08-21 00:00:00,0.714189059,68.62910008,0.167794317,0.042656494,-0.392606199
2019-08-22 00:00:00,0.66638322,68.62910008,0.26984127,0.025115168,-2.40332307
2019-08-23 00:00:00,0.721017574,68.62910008,0.235119048,0.026309503,-3.794595565
2019-08-27 00:00:00,0.286962366,60.9832636,0,0.017861293,-1.218822893
2019-08-28 00:00:00,0.311507937,60.9832636,0,0.027678422,0.526667093
2019-08-29 00:00:00,0.349115334,60.9832636,0,0.028376844,1.512269501
2019-08-30 00:00:00,0.399410223,60.9832636,0.270642202,0.015750648,0.071090806
2019-09-02 00:00:00,0.43422346,60.9832636,0.326834862,0.018386279,-1.622370018
2019-09-03 00:00:00,0.498853211,60.9832636,0.053899083,0.016256402,-1.549917718
2019-09-04 00:00:00,0.486796537,60.9832636,0,0.02009039,-0.836759721
2019-09-05 00:00:00,0.506204906,60.9832636,0.343434343,0.009140406,-2.980289606
2019-09-06 00:00:00,0.518398268,63.16359697,0.452525253,0.018107711,-5.314606249
2019-09-09 00:00:00,0.479244365,63.16359697,0.837684449,0.003090625,-8.79550402
2019-09-10 00:00:00,0.511195701,63.16359697,1,-0.003326127,-12.33943007
2019-09-11 00:00:00,0.561960582,63.16359697,1,-0.007589628,-15.28138016
2019-09-12 00:00:00,0.57889991,63.16359697,0.557258792,0.007580795,-13.55349635
2019-09-13 00:00:00,0.577998197,59.08543923,0.775473399,-0.019472259,-13.63617325
2019-09-16 00:00:00,0.531946412,59.08543923,0.881875564,-0.025989656,-14.02692184
2019-09-17 00:00:00,0.486796342,59.08543923,0.793507665,-0.024737047,-13.17984838
2019-09-18 00:00:00,0.439520804,59.08543923,0.768259693,-0.016291547,-12.01802113
2019-09-19 00:00:00,0.403838722,59.08543923,0.818755636,-0.016547069,-11.22849408
2019-09-20 00:00:00,0.372858431,59.08543923,0.797114518,-0.023376792,-10.17757258
2019-09-23 00:00:00,0.352569883,59.08543923,0.432822362,-0.015522929,-6.569637177
2019-09-24 00:00:00,0.461174067,62.8681178,0.21976593,-0.005526126,-4.296480237
2019-09-25 00:00:00,0.464754406,62.8681178,0,0.003314301,-1.750389299
2019-09-26 00:00:00,0.43232096,52.34541578,0.586614173,-0.001855288,-3.049205146
2019-09-27 00:00:00,0.407795551,52.34541578,1,-0.005573169,-5.936231584
2019-09-30 00:00:00,0.449202696,52.34541578,1,-0.003589038,-8.134984683
2019-10-01 00:00:00,0.545014208,47.47356052,1,-0.027554118,-10.69389397
2019-10-02 00:00:00,0.515822785,47.47356052,0.653707052,-0.006985563,-9.363331213
2019-10-03 00:00:00,0.533905967,52.2945571,0.210669078,0.013291477,-4.960483106
2019-10-04 00:00:00,0.536424696,52.2945571,0.535262206,-0.001963917,-4.269604347
2019-10-07 00:00:00,0.535326789,52.2945571,0.497287523,-0.001496508,-3.372713458
2019-10-08 00:00:00,0.53836218,52.2945571,0.414104882,0.003431732,-2.066939244
2019-10-09 00:00:00,0.546822526,52.2945571,0.388788427,0.003562155,-0.9770578
2019-10-10 00:00:00,0.53765177,52.2945571,0.613924051,-0.017935747,-1.845149525
2019-10-11 00:00:00,0.482175149,52.2945571,0.896925859,-0.027290961,-4.299181676
2019-10-14 00:00:00,0.443360889,52.2945571,0.689873418,-0.024955029,-4.149890058
2019-10-15 00:00:00,0.494681721,57.71495878,0.671248568,-0.012347318,-4.186056628
2019-10-16 00:00:00,0.459826542,57.71495878,0.733104238,-0.003221693,-4.314264485
2019-10-17 00:00:00,0.464326624,57.71495878,0.560137457,0.004948495,-3.175345979
2019-10-18 00:00:00,0.472017673,57.71495878,0.620847652,0.011232142,-2.596564294
2019-10-21 00:00:00,0.426971579,57.71495878,0.670619236,-0.000636473,-1.844456204
2019-10-22 00:00:00,0.413325805,38.94557823,0.836627141,-0.020928086,-2.033634197
2019-10-23 00:00:00,0.500635486,42.25092251,0.455516014,-0.00313511,-0.832655938
2019-10-24 00:00:00,0.494026436,42.25092251,0.380782918,-0.003130724,0.28513856
2019-10-25 00:00:00,0.430133278,51.92012289,0,0.005046983,3.180551415
2019-10-28 00:00:00,0.402124115,44.53227931,0.613702624,-0.00985238,2.187348888
2019-10-29 00:00:00,0.359433569,44.53227931,0.778425656,-0.005385336,0.769501526
2019-10-30 00:00:00,0.353810912,44.53227931,0.62244898,0.008755028,0.562055665
2019-10-31 00:00:00,0.298311917,47.24310777,0.088183422,0.013652221,2.845936555
2019-11-01 00:00:00,0.344167297,47.24310777,0.164021164,0.0141148,3.884779631
2019-11-04 00:00:00,0.398715042,47.24310777,0.141093474,0.016396202,4.437323975
2019-11-05 00:00:00,0.403152008,47.24310777,0.871886121,-0.002478813,1.946499667
2019-11-06 00:00:00,0.386375191,47.24310777,0.975088968,-0.002651007,-0.079330724
2019-11-07 00:00:00,0.395425636,47.24310777,1,-0.004960949,-1.56693489
2019-11-08 00:00:00,0.602071863,47.24310777,1,-0.01427273,-4.97136175
2019-11-11 00:00:00,0.606914547,47.24310777,1,-0.023921844,-7.517561969
2019-11-12 00:00:00,0.600162866,47.24310777,1,-0.029735057,-9.528394683
2019-11-13 00:00:00,0.561016752,47.24310777,0.823289902,-0.033400509,-8.84292287
2019-11-14 00:00:00,0.528074218,47.90343075,0.752122241,-0.017254087,-7.389449197
2019-11-15 00:00:00,0.497150133,47.90343075,0.747877759,-0.01335127,-5.960681926
2019-11-18 00:00:00,0.473987388,47.90343075,0.735144312,-0.016386301,-4.544895226
2019-11-19 00:00:00,0.445306815,34.6092504,0.721561969,-0.028127999,-3.194721874
2019-11-20 00:00:00,0.408101045,34.6092504,0.657665505,-0.024589077,-1.636464044
2019-11-21 00:00:00,0.356147337,34.6092504,0.738675958,-0.028089702,-1.034058602
2019-11-22 00:00:00,0.466898955,35.05654281,0.66395664,-0.016454549,-0.798332756
2019-11-25 00:00:00,0.442542017,35.05654281,0.813235294,-0.018606373,-1.243314034
2019-11-26 00:00:00,0.397626442,35.05654281,0.919254658,-0.019942732,-1.795227679
2019-11-27 00:00:00,0.542893493,62,0.882951654,-0.006693303,-1.940798667
2019-11-28 00:00:00,0.508360596,62,0.867684478,-0.002776445,-1.743046209
2019-11-29 00:00:00,0.513631407,64.20118343,0.58778626,0.00557832,-0.672795317
2019-12-02 00:00:00,0.486620008,47.61904762,0.608069164,-0.001196254,0.31539083
2019-12-03 00:00:00,0.412698413,72.74774775,0,0.007261446,3.133294411
2019-12-04 00:00:00,0.438997821,72.74774775,0.095860566,0.00559002,4.601060594
2019-12-05 00:00:00,0.467164644,72.74774775,0.058823529,0.005655299,5.524445085
2019-12-06 00:00:00,0.442265795,49.76887519,0.769063181,-0.005992713,3.856679142
2019-12-09 00:00:00,0.421257392,49.76887519,0.679738562,-0.006794863,2.985575462
2019-12-10 00:00:00,0.400248988,49.76887519,0.538126362,-0.001431444,2.805826611
2019-12-11 00:00:00,0.399470899,49.76887519,0.45751634,0.001604698,2.883743801
2019-12-12 00:00:00,0.409897292,49.76887519,0.413943355,0.00644542,3.00401386
2019-12-13 00:00:00,0.435418612,49.76887519,0.466230937,0.008215035,2.856880647
2019-12-16 00:00:00,0.494843797,49.76887519,0,0.016192801,4.138787396
2019-12-17 00:00:00,0.55422427,49.76887519,0.090322581,0.01453958,4.529442514
2019-12-18 00:00:00,0.508023483,49.76887519,0.210958904,0.00951957,4.375348439
2019-12-19 00:00:00,0.572798434,49.76887519,0.065753425,0.010642302,4.439517125
2019-12-20 00:00:00,0.606127722,40.94202899,0,0.001150748,4.582333932
2019-12-23 00:00:00,0.537702832,40.94202899,0,0.004745441,4.85862336
2019-12-24 00:00:00,0.504134274,39.16729959,0.781763813,-0.007724244,3.886898688
2019-12-27 00:00:00,0.267253619,72.79027536,0,0.035522214,7.772442887
2019-12-30 00:00:00,0.296754278,72.79027536,0,0.036293357,10.20886807
2019-12-31 00:00:00,0.260892129,48.32734945,1,-0.000273455,8.167094455
2020-01-02 00:00:00,0.280352662,55.47666035,0,0.041109899,11.11408661
2020-01-03 00:00:00,0.277786603,55.47666035,0,0.055150565,15.0683473
2020-01-06 00:00:00,0.284763301,55.47666035,0,0.072616937,19.7569271
2020-01-07 00:00:00,0.351387926,55.47666035,0.048364543,0.060863387,20.83694506
2020-01-08 00:00:00,0.4132748,55.47666035,0.010594138,0.065151104,20.74446874
2020-01-09 00:00:00,0.462593473,55.47666035,0.205894767,0.052033513,16.64548885
2020-01-10 00:00:00,0.514939043,55.47666035,0.17963973,0.052075574,13.28187663
2020-01-13 00:00:00,0.563106179,55.47666035,0.213725217,0.047937796,9.689221259
2020-01-14 00:00:00,0.606601366,55.47666035,0.257944227,0.042507253,5.97885645
2020-01-15 00:00:00,0.65062297,55.47666035,0.222016281,0.057663195,3.486017428
2020-01-16 00:00:00,0.709845252,55.47666035,0.17088805,0.028481641,2.089631673
2020-01-17 00:00:00,0.74018002,55.47666035,0.142790554,0.028288496,1.129831422
2020-01-20 00:00:00,0.770054173,74.68674779,0.119299205,0.065276458,0.427596042
2020-01-21 00:00:00,0.592080745,53.45773875,0.473913043,0.01584703,-1.532407639
2020-01-22 00:00:00,0.405867347,53.45773875,0.578571429,0.005262308,-2.330186342
2020-01-23 00:00:00,0.441964286,22.05882353,0.364285714,-0.006484012,-2.301318969
2020-01-24 00:00:00,0.437483373,22.05882353,0.284916201,-0.002264247,-2.337716463
2020-01-27 00:00:00,0.360612245,42.7027027,0,0.005184643,-0.569835846
2020-01-28 00:00:00,0.364795918,64.09736308,0.174285714,0.014992745,-0.557658792
2020-01-29 00:00:00,0.411122449,64.09736308,0.19,0.012776777,-0.936913974
2020-01-30 00:00:00,0.461428571,64.09736308,0.052857143,0.018291503,-0.856645694
2020-01-31 00:00:00,0.475703325,64.09736308,0,0.025305805,-0.343831712
2020-02-03 00:00:00,0.477780032,62.57425743,0.268465909,0.016623628,-1.551589403
2020-02-04 00:00:00,0.461571863,49.06832298,0.785714286,0.002444437,-4.657984573
2020-02-05 00:00:00,0.458858011,49.06832298,0.939209726,-0.002760657,-7.332289106
2020-02-06 00:00:00,0.471233174,49.06832298,0.635258359,0.002019037,-7.657952686
2020-02-07 00:00:00,0.498371689,49.06832298,0.35106383,0.013762651,-6.559970733
2020-02-10 00:00:00,0.51652797,49.06832298,0.355987055,0.010469523,-5.735472753
2020-02-11 00:00:00,0.547965788,49.06832298,0.443365696,0.004862755,-5.527353287
2020-02-12 00:00:00,0.549815072,49.06832298,0.663430421,-0.000383558,-6.227184786
2020-02-13 00:00:00,0.574664817,40.9009009,0.296116505,-0.003196,-5.128641826
2020-02-14 00:00:00,0.577669903,40.9009009,0.090614887,0.004701398,-3.586987458
2020-02-17 00:00:00,0.593388812,40.9009009,0.110032362,0.004671264,-2.727305572
2020-02-18 00:00:00,0.533711159,40.9009009,0,0.007349913,-1.102239776
2020-02-19 00:00:00,0.419660399,46.66666667,0,0.012624669,1.596344655
2020-02-20 00:00:00,0.362959339,47.43589744,0,0.028099698,4.880123019
2020-02-21 00:00:00,0.319365079,78.13504823,0,0.054512786,9.559961341
2020-02-24 00:00:00,0.311243889,80.65433855,0,0.076192622,15.36463213
2020-02-25 00:00:00,0.311622388,57.04225352,0.197046608,0.055651506,15.1915408
2020-02-26 00:00:00,0.356448091,57.04225352,0.340435387,0.03958287,12.00558331
2020-02-27 00:00:00,0.408952557,57.04225352,0.182028717,0.050088991,11.21901784
2020-02-28 00:00:00,0.433203203,40.21276596,0.572487263,0.025055715,4.389614296
2020-03-02 00:00:00,0.452491233,40.21276596,0.666975452,0.022990343,-1.801370573
2020-03-03 00:00:00,0.426464064,40.21276596,0.58126294,0.025681724,-3.938659353
2020-03-04 00:00:00,0.442684173,40.21276596,0.328013209,0.038225623,-2.073981806
2020-03-05 00:00:00,0.504166994,40.21276596,0.132636214,0.049848178,1.108364431
2020-03-06 00:00:00,0.470149254,40.21276596,0,0.058999277,5.751352406
2020-03-09 00:00:00,0.478613946,40.21276596,0.132738095,0.042575739,6.560577194
2020-03-10 00:00:00,0.522406463,40.21276596,0.332738095,0.022668314,4.188360105
2020-03-11 00:00:00,0.551955782,40.21276596,0.355952381,0.006359155,1.832270916
2020-03-12 00:00:00,0.620881553,24.08592322,1,-0.060389436,-10.74560071
2020-03-13 00:00:00,0.581328684,24.08592322,1,-0.053020663,-19.45464847
2020-03-16 00:00:00,0.682517406,24.08592322,1,-0.090036088,-33.81500263
2020-03-17 00:00:00,0.64653884,36.86811098,0.75248788,-0.070096852,-35.11189494
2020-03-18 00:00:00,0.590474975,36.86811098,0.946414902,-0.069354288,-39.11330594
2020-03-19 00:00:00,0.570524628,36.86811098,1,-0.078392148,-42.71767279
2020-03-20 00:00:00,0.534622732,36.86811098,0.903772684,-0.074961312,-40.15815303
2020-03-23 00:00:00,0.503888661,36.86811098,0.755730659,-0.070926089,-32.39303095
2020-03-24 00:00:00,0.491574567,49.17380661,0.372015282,-0.032447578,-15.39956503
2020-03-25 00:00:00,0.473103425,49.17380661,0.373447947,-0.046446708,-3.771467983
2020-03-26 00:00:00,0.482111331,49.17380661,0.190163934,-0.022541106,7.677139135
2020-03-27 00:00:00,0.505019092,49.17380661,0.211628548,-0.023192607,12.41587769
2020-03-30 00:00:00,0.495622762,49.17380661,0.197493036,-0.02143613,15.03354338
2020-03-31 00:00:00,0.534190506,51.68864587,0.161009031,0.0243522,14.8292492
2020-04-01 00:00:00,0.536793166,51.68864587,0.362815322,0.008798311,9.891121522
2020-04-02 00:00:00,0.560817725,67.89184622,0.112114606,0.086778248,11.49494622
2020-04-03 00:00:00,0.616608088,67.89184622,0.135160386,0.050058586,11.47929282
2020-04-06 00:00:00,0.614786391,71.26385809,0,0.100186891,15.38825313
2020-04-07 00:00:00,0.673102041,71.26385809,0,0.118704426,17.1455882
2020-04-08 00:00:00,0.710618571,71.26385809,0.009363901,0.102649893,17.11680079
2020-04-09 00:00:00,0.594801012,71.26385809,0,0.101776583,20.3088946
2020-04-14 00:00:00,0.34264979,65.40309664,0,0.084789039,28.93099473
2020-04-15 00:00:00,0.391420796,65.40309664,0.140610826,0.070509826,29.65340813
2020-04-16 00:00:00,0.445008424,65.40309664,0.07499244,0.057927575,29.67135938
2020-04-17 00:00:00,0.469955506,62.37270876,0.298457817,0.046528164,23.07823068
2020-04-20 00:00:00,0.49971921,62.37270876,0.336861204,0.04195761,16.54006891
2020-04-21 00:00:00,0.527258197,62.37270876,0.36195948,0.045433357,10.62220015
2020-04-22 00:00:00,0.571147782,62.37270876,0.189597823,0.084995718,9.5464268
2020-04-23 00:00:00,0.53801575,62.37270876,0.04386646,0.073880505,11.1828417
2020-04-24 00:00:00,0.592973602,62.37270876,0.201863354,0.063728225,8.530325289
2020-04-27 00:00:00,0.520191286,62.37270876,0.28639745,0.0404356,5.785322132
2020-04-28 00:00:00,0.553021102,62.37270876,0.535069075,0.025648022,0.247648652
2020-04-29 00:00:00,0.594086838,62.37270876,0.409670563,0.033711615,-2.257923399
2020-04-30 00:00:00,0.440466472,62.37270876,0.639183673,0.013149674,-4.309218586
2020-05-01 00:00:00,0.434061344,43.5446906,0.929824561,-0.031947873,-7.987829681
2020-05-04 00:00:00,0.436083289,43.5446906,0.500922509,-0.005556687,-7.452915967
2020-05-05 00:00:00,0.410911966,43.5446906,0.677121771,-0.017317144,-8.423485504
2020-05-06 00:00:00,0.360832894,54.9132948,0.825645756,-0.000620366,-10.0761321
2020-05-07 00:00:00,0.375988403,54.9132948,0.594095941,0.010585933,-9.417403625
2020-05-11 00:00:00,0.397799157,54.9132948,0.618081181,0.012306412,-9.090766789
2020-05-12 00:00:00,0.376285714,52.34215886,0.677,-0.004764549,-8.847428143
2020-05-13 00:00:00,0.373214286,49.40540541,0.557,-0.016040317,-7.838405994
2020-05-14 00:00:00,0.404158135,49.78540773,0,0.009149717,-4.18916992
2020-05-15 00:00:00,0.401585685,49.78540773,0,0.011895391,-1.549357049
2020-05-18 00:00:00,0.430317137,58.43828715,0.013238289,0.025509148,-0.238678582
2020-05-19 00:00:00,0.472782537,58.43828715,0,0.020312913,0.668538034
2020-05-20 00:00:00,0.445665938,58.43828715,0,0.026750844,2.180001877
2020-05-21 00:00:00,0.471163808,49.78540773,0.37711523,0.022920682,-0.32169823
2020-05-22 00:00:00,0.481765594,49.78540773,0.259683099,0.014305775,-1.116183034
2020-05-26 00:00:00,0.495787223,49.78540773,0.493838028,0.012179695,-3.598021588
2020-05-27 00:00:00,0.489562374,47.49232344,0.945422535,0.001832693,-8.575454382
2020-05-28 00:00:00,0.494479915,47.49232344,0.576350093,0.007804935,-8.659056994
2020-05-29 00:00:00,0.52726789,47.49232344,0.364990689,0.015240053,-7.106226062
2020-06-01 00:00:00,0.564312317,47.49232344,0.329608939,0.01656485,-5.799069571
2020-06-02 00:00:00,0.617185422,47.49232344,0.11452514,0.019755327,-3.469522199
2020-06-03 00:00:00,0.613128492,38.2031906,0.79981378,-0.01515939,-6.784539101
2020-06-04 00:00:00,0.571162543,38.2031906,0.898510242,-0.020341718,-9.427704715
2020-06-05 00:00:00,0.587729926,38.2031906,1,-0.029544013,-12.9319994
2020-06-08 00:00:00,0.538880934,38.2031906,0.893600617,-0.02738859,-13.76342736
2020-06-09 00:00:00,0.511950655,38.61551293,0.536622976,-0.019905051,-10.77052568
2020-06-10 00:00:00,0.533645656,38.61551293,0.34241908,-0.00165227,-7.376428715
2020-06-11 00:00:00,0.549890484,38.61551293,0.066439523,0.0027112,-2.915571854
2020-06-12 00:00:00,0.549829642,38.61551293,0.147359455,0.007702369,-0.687250982
2020-06-15 00:00:00,0.5379046,38.61551293,0.540034072,0.00935324,-2.30921279
2020-06-16 00:00:00,0.568629837,38.61551293,0.379897785,0.001455731,-2.112401727
2020-06-17 00:00:00,0.577147725,38.61551293,0.303236797,-0.002516342,-1.406534739
2020-06-18 00:00:00,0.565952787,38.61551293,0.385860307,-0.00641396,-1.608788609
2020-06-19 00:00:00,0.571002677,38.61551293,0.126064736,-0.004247625,0.199504281
2020-06-22 00:00:00,0.445471939,54.03788634,0,0.033131029,4.685199152
2020-06-23 00:00:00,0.461840675,54.03788634,0,0.040498809,8.04412334
2020-06-24 00:00:00,0.517010783,54.03788634,0.033352838,0.049065906,9.23880521
2020-06-25 00:00:00,0.541056652,54.03788634,0.157224698,0.039163487,8.14452269
2020-06-26 00:00:00,0.45319565,54.03788634,0.364414029,0.019900788,5.724562149
2020-06-29 00:00:00,0.501051279,54.03788634,0,0.028773845,6.793087248
2020-06-30 00:00:00,0.554841724,54.03788634,0.057236304,0.017172444,6.466659382
2020-07-01 00:00:00,0.593155005,54.03788634,0.008994276,0.021661379,6.091522948
2020-07-02 00:00:00,0.588219616,74.04371585,0,0.039170978,6.131980267
2020-07-03 00:00:00,0.600887465,74.04371585,0.078515962,0.030845713,5.019219998
2020-07-06 00:00:00,0.580148287,74.04371585,0,0.036854467,5.725808857
2020-07-07 00:00:00,0.632966249,74.04371585,0,0.040738587,5.818708045
2020-07-08 00:00:00,0.466694733,74.04371585,0,0.044012105,8.048769517
2020-07-09 00:00:00,0.438870432,71.64179104,0,0.028521157,8.860208639
2020-07-10 00:00:00,0.484551495,71.64179104,0.139534884,0.019334049,7.443398292
2020-07-13 00:00:00,0.527297896,71.64179104,0.071317829,0.023470457,6.397584266
2020-07-14 00:00:00,0.566998893,72.72727273,0.158139535,0.025817654,4.34819218
2020-07-15 00:00:00,0.62021041,72.72727273,0.11627907,0.032616159,2.82667214
2020-07-16 00:00:00,0.540827922,70.5400982,0.1,0.02037706,1.760384238
2020-07-17 00:00:00,0.598863636,70.5400982,0.107954545,0.022198971,0.590969444
2020-07-20 00:00:00,0.600816784,70.5400982,0,0.025182801,0.520918012
2020-07-21 00:00:00,0.431494206,74.93036212,0,0.036625503,3.516428265
2020-07-22 00:00:00,0.445372866,74.93036212,0,0.044841785,6.092146609
2020-07-23 00:00:00,0.309023388,74.93036212,0,0.050562112,10.30438588
2020-07-24 00:00:00,0.30602272,74.93036212,0,0.062892906,15.03003225
2020-07-27 00:00:00,0.241929499,79.33409874,0,0.069322511,21.16756934
2020-07-28 00:00:00,0.301233299,79.33409874,0,0.071077755,23.95271675
2020-07-29 00:00:00,0.347555129,86.05230386,0,0.081969941,25.16995927
2020-07-30 00:00:00,0.403370787,86.05230386,0,0.083070539,24.86847727
2020-07-31 00:00:00,0.454404032,98.99713467,0,0.09046007,23.63802972
2020-08-03 00:00:00,0.515016487,84.47432763,0.039613225,0.085309764,20.10011035
2020-08-04 00:00:00,0.540520166,84.47432763,0,0.094152791,18.53579164
2020-08-05 00:00:00,0.45415579,91.71018277,0,0.13323374,24.7448831
2020-08-06 00:00:00,0.475617722,91.71018277,0,0.138517886,28.9029975
2020-08-07 00:00:00,0.481347793,66.11764706,0.160284951,0.102358145,24.47180518
2020-08-10 00:00:00,0.524729752,66.11764706,0.105471478,0.103703304,21.13231947
2020-08-11 00:00:00,0.492548886,40.11993147,0.675138999,0.032662514,3.517495101
2020-08-12 00:00:00,0.442571515,40.11993147,0.819448652,0.015666894,-9.736063539
2020-08-13 00:00:00,0.342012147,40.11993147,0.908687616,0.003924302,-16.97363133
2020-08-14 00:00:00,0.346289939,40.11993147,0.904990758,0.001983616,-21.53487963
2020-08-17 00:00:00,0.363163454,40.11993147,0.697227357,0.011251217,-20.60773716
2020-08-18 00:00:00,0.393715342,40.11993147,0.431792976,0.026102725,-15.24665527
2020-08-19 00:00:00,0.406047003,40.11993147,0.636968577,0.008193801,-15.47674122
2020-08-20 00:00:00,0.406938776,40.11993147,1,-0.016032269,-22.49520878
2020-08-21 00:00:00,0.401460584,40.11993147,1,-0.02707417,-26.83352816
2020-08-24 00:00:00,0.384478792,25.5062167,0.862745098,-0.05087518,-26.34437033
2020-08-25 00:00:00,0.373832418,25.5062167,1,-0.075466222,-29.48313279
2020-08-26 00:00:00,0.365445391,25.5062167,0.836520435,-0.048346996,-27.69517938
2020-08-27 00:00:00,0.307970432,25.5062167,0.904761905,-0.059011983,-26.79379208
2020-08-28 00:00:00,0.356996487,40,0.526639344,0.009125358,-20.99700604
2020-09-01 00:00:00,0.380927986,40,0.37295082,0.020937937,-14.74915313
2020-09-02 00:00:00,0.392015515,40,0.632172131,0.001440144,-13.65619043
2020-09-03 00:00:00,0.389234485,40,0.699795082,-0.002211081,-13.43360211
2020-09-04 00:00:00,0.37573185,40,0.84477459,-0.023595306,-14.70124487
2020-09-07 00:00:00,0.343237705,38.35145965,0.822745902,-0.039975109,-14.72252071
2020-09-08 00:00:00,0.381360253,38.35145965,1,-0.035360929,-16.43596118
2020-09-09 00:00:00,0.395765472,52.49818972,0.409609121,0.010403964,-12.22233655
2020-09-10 00:00:00,0.441251745,52.49818972,0.099348534,0.021773586,-6.682097949
2020-09-11 00:00:00,0.468066543,52.49818972,0.406351792,0.001774737,-5.42294095
2020-09-14 00:00:00,0.485225686,58.89520715,0.222312704,0.024880308,-3.052524939
2020-09-15 00:00:00,0.52966496,58.89520715,0.374592834,0.008484441,-2.738566628
2020-09-16 00:00:00,0.563227082,58.89520715,0.171824104,0.01972607,-0.941322485
2020-09-17 00:00:00,0.577652396,58.65695793,0.587947883,-0.010779881,-3.156595014
2020-09-18 00:00:00,0.57009074,58.65695793,0.350162866,-0.010900702,-2.638954086
2020-09-21 00:00:00,0.564210394,46.62379421,1,-0.019362626,-7.589838713
2020-09-22 00:00:00,0.539774748,46.62379421,1,-0.017753614,-10.82216913
2020-09-23 00:00:00,0.649780752,46.62379421,1,-0.027461974,-16.51656639
2020-09-24 00:00:00,0.644702666,46.62379421,1,-0.034587363,-20.74402502
2020-09-25 00:00:00,0.605450158,46.62379421,1,-0.026819121,-22.5578456
2020-09-28 00:00:00,0.574177113,31.46160198,0.95682778,-0.042573952,-21.86357231
2020-09-29 00:00:00,0.531775826,32.13409648,0.772407321,-0.041856325,-17.66292614
2020-09-30 00:00:00,0.499440325,32.13409648,0.733594515,-0.031067064,-13.57601079
2020-10-01 00:00:00,0.467678746,32.13409648,0.585700294,-0.028947771,-8.192910853
2020-10-02 00:00:00,0.428746327,32.13409648,0.575416259,-0.023751507,-4.054181583
2020-10-05 00:00:00,0.400937456,32.13409648,0.511263467,-0.026608217,-0.201124163
2020-10-06 00:00:00,0.411174673,32.13409648,0.410861218,-0.011801162,2.920357291
2020-10-07 00:00:00,0.370621425,32.13409648,0.727921009,-0.034010816,1.239336587
2020-10-08 00:00:00,0.544759244,37.6076555,0.483240223,-0.011469872,0.698682941
2020-10-09 00:00:00,0.475946948,52.33918129,0,0.009050367,5.092359305
2020-10-12 00:00:00,0.480840208,55.33230294,0,0.027810398,8.05468259
2020-10-13 00:00:00,0.500271385,51.14285714,0.519756839,0.015872163,5.293905671
2020-10-14 00:00:00,0.552702996,51.14285714,0.234802432,0.027074259,5.836949624
2020-10-15 00:00:00,0.556664332,51.14285714,0.549019608,0.014804484,3.699250053
2020-10-16 00:00:00,0.417053464,51.14285714,0.492178099,0.011199873,3.979928535
2020-10-19 00:00:00,0.44695122,51.14285714,0.485365854,0.009910435,4.14440971
2020-10-20 00:00:00,0.466986063,51.14285714,0.66097561,-0.001892744,3.228818551
2020-10-21 00:00:00,0.505574913,51.14285714,0.032926829,0.011087465,5.882480695
2020-10-22 00:00:00,0.501916376,51.14285714,0.598780488,-0.004529744,4.373015654
2020-10-23 00:00:00,0.491550523,51.14285714,0.532926829,-0.005095641,3.629099799
2020-10-26 00:00:00,0.465505226,51.14285714,0.659756098,0.007402494,2.387422098
2020-10-27 00:00:00,0.463863338,51.14285714,0.520367937,0.00966913,2.482466125
2020-10-28 00:00:00,0.610261026,41.8699187,1,-0.027713506,-2.083618063
2020-10-29 00:00:00,0.542175646,41.8699187,0.99369937,-0.028667878,-4.719461121
2020-10-30 00:00:00,0.498154982,41.8699187,0.780442804,-0.004996563,-4.567018909
2020-11-02 00:00:00,0.496309963,41.8699187,0.631918819,-0.010549462,-3.111239267
2020-11-03 00:00:00,0.49400369,41.8699187,0.292435424,0.008668534,0.413249435
2020-11-04 00:00:00,0.50487612,41.8699187,0.442804428,-0.002572111,1.659945551
2020-11-05 00:00:00,0.434306569,51.72180959,0,0.017238665,7.338489147
2020-11-06 00:00:00,0.455388648,51.72180959,0,0.022334598,10.89193432
2020-11-09 00:00:00,0.444800777,34.25760286,1,-0.029545514,3.221166972
2020-11-10 00:00:00,0.400631681,34.25760286,0.844897959,-0.011704674,-0.253707402
2020-11-11 00:00:00,0.412514536,34.25760286,1,-0.022430594,-4.636510244
2020-11-12 00:00:00,0.386751946,34.25760286,0.825923607,-0.012431194,-5.308405629
2020-11-13 00:00:00,0.379998211,34.25760286,0.624921728,-0.007766175,-3.33263936
2020-11-16 00:00:00,0.36201807,34.25760286,0.69129618,0.008369208,-2.51836148
2020-11-17 00:00:00,0.379103677,34.25760286,0.648090169,0.01002513,-1.352218839
2020-11-18 00:00:00,0.384291976,34.25760286,0.810269255,-0.003055504,-2.1168027
2020-11-19 00:00:00,0.389882736,34.25760286,1,-0.017223133,-4.786908058
2020-11-20 00:00:00,0.377728323,34.25760286,0.780107849,-0.017083268,-3.765205052
2020-11-23 00:00:00,0.435458677,34.25760286,1,-0.031550141,-7.347688175
2020-11-24 00:00:00,0.546919263,19.97822537,1,-0.071629395,-14.26237958
2020-11-25 00:00:00,0.482041684,19.97822537,0.924929178,-0.067291838,-16.33571942
2020-11-26 00:00:00,0.641135972,31.12807464,0.91456736,-0.032078402,-16.93898696
2020-11-27 00:00:00,0.650089606,31.12807464,1,-0.052908926,-19.77978379
2020-11-30 00:00:00,0.631114698,31.12807464,1,-0.052876219,-22.38035829
2020-12-01 00:00:00,0.603177695,54.27927928,0.624464355,-0.034189402,-16.35311576
2020-12-02 00:00:00,0.574099839,54.27927928,0.532138683,-0.036120366,-9.836354786
2020-12-03 00:00:00,0.549435347,54.27927928,0.448221344,-0.028240348,-3.600007661
2020-12-04 00:00:00,0.525381141,54.27927928,0.364031621,-0.024377333,2.256738817
2020-12-07 00:00:00,0.566993772,54.27927928,0.142228093,-0.008608283,8.367497635
2020-12-08 00:00:00,0.563979547,54.27927928,0.066725586,0.005814736,13.18125006
2020-12-09 00:00:00,0.554131684,54.27927928,0.300044189,-0.018099909,12.48349406
2020-12-10 00:00:00,0.572544643,54.27927928,0.225378788,0.00225519,12.04078099
2020-12-11 00:00:00,0.573762175,63.17169069,0.247632576,0.023560791,11.12189339
2020-12-14 00:00:00,0.595102814,63.17169069,0.350378788,0.011573307,8.842469084
2020-12-15 00:00:00,0.622463474,63.17169069,0.165719697,0.023929401,9.683356343
2020-12-16 00:00:00,0.652597403,64.61126005,0.153409091,0.040830664,10.09088045
2020-12-17 00:00:00,0.599648986,64.61126005,0,0.072735525,14.96874347
2020-12-18 00:00:00,0.463080357,59.50920245,0.1375,0.038105757,16.00246656
2020-12-21 00:00:00,0.442301646,59.50920245,0.157740279,0.031493471,15.97199233
2020-12-22 00:00:00,0.427612656,59.50920245,0.229026846,0.02442219,14.83764266
2020-12-23 00:00:00,0.478727229,59.50920245,0.264261745,0.017362995,13.13916
2020-12-24 00:00:00,0.863679115,8.636605094,1,-0.212586681,10.511328
2020-12-29 00:00:00,0.866084086,49.95732754,0.038596849,0.003292027,9.222604042
2020-12-30 00:00:00,0.869343785,49.95732754,0.007390886,0.024894801,9.612371796
2020-12-31 00:00:00,0.806127309,49.2014901,1,-0.205926531,7.689897437
2021-01-04 00:00:00,0.732544066,53.08306123,0,0.054940282,14.8728397
2021-01-05 00:00:00,0.747220743,53.08306123,0.005954239,0.059634656,18.14164491
2021-01-06 00:00:00,0.762263031,53.08306123,0.023503575,0.043930511,18.03606412
2021-01-07 00:00:00,0.772626988,53.08306123,0.048260673,0.03679905,15.33956856
2021-01-08 00:00:00,0.774261046,53.08306123,0.167763292,-0.014729605,5.337268481
2021-01-11 00:00:00,0.767769582,53.08306123,0.200459376,-0.017289533,-3.428748082
2021-01-12 00:00:00,0.762024264,53.08306123,0.212994616,-0.020611702,-9.720861296
2021-01-13 00:00:00,0.75886807,53.08306123,0.176224579,-0.009722444,-11.0981873
2021-01-14 00:00:00,0.753592823,53.08306123,0.211950012,-0.017733333,-13.72646906
2021-01-15 00:00:00,0.748220577,53.08306123,0.21769533,0.255676317,-15.13819441
2021-01-18 00:00:00,0.80321157,53.08306123,0.23012611,-0.022008216,-16.08733085
2021-01-19 00:00:00,0.797302099,53.08306123,0.226678919,-0.028025005,-15.69007544
2021-01-20 00:00:00,0.792675999,89.32538281,0.180925294,0.267693665,-11.84937626
2021-01-21 00:00:00,0.356883471,27.68647282,0.736268724,-0.041735282,-8.117941274
2021-01-22 00:00:00,0.306117694,27.68647282,0.816868593,-0.045172263,-6.533862907
2021-01-25 00:00:00,0.271811353,27.68647282,0.759352882,-0.038872642,-4.63439539
2021-01-26 00:00:00,0.246984492,27.68647282,0.729465824,-0.033071194,-3.187854006
2021-01-27 00:00:00,0.535774109,56.15384615,0.666666667,-0.01068227,-3.797693898
2021-01-28 00:00:00,0.527907549,56.15384615,0.289156627,0.003491677,-2.554270745
2021-01-29 00:00:00,0.537166086,56.15384615,0,0.012247115,-0.285200013
2021-02-01 00:00:00,0.58757259,56.15384615,0.027642276,0.002205665,1.110821506
2021-02-02 00:00:00,0.52775842,42.31884058,0.998373984,-0.00469662,-1.817505353
2021-02-03 00:00:00,0.513124274,42.31884058,0.92195122,-0.001930397,-3.188742252
2021-02-04 00:00:00,0.759123418,30.65080476,1,-0.025722157,-10.12914854
2021-02-05 00:00:00,0.731523932,30.65080476,0.781129653,-0.017305282,-11.67277555
2021-02-08 00:00:00,0.732028241,39.46243128,0.366495507,-0.011499515,-7.779843011
2021-02-09 00:00:00,0.716440491,39.46243128,0.310654685,-0.012083132,-4.233129804
2021-02-10 00:00:00,0.698606272,39.46243128,0.271501926,-0.005424516,-1.245622499
2021-02-11 00:00:00,0.687052998,39.46243128,0.3042362,-0.009020653,0.522856501
2021-02-12 00:00:00,0.649917477,39.46243128,0.609114249,-0.021679414,-1.272495056
2021-02-15 00:00:00,0.613882267,39.46243128,0.596919127,-0.013944655,-2.051978403
2021-02-16 00:00:00,0.569182102,39.46243128,0.892811297,-0.032070993,-5.21244442
2021-02-17 00:00:00,0.533393502,39.46243128,1,-0.044586329,-8.475171569
2021-02-18 00:00:00,0.505567929,39.46243128,1,-0.048203119,-10.84582787
2021-02-19 00:00:00,0.574357657,39.46243128,0.812230216,-0.025585074,-9.879070139
2021-02-22 00:00:00,0.547995889,39.46243128,0.50647482,-0.015255115,-5.802038903
2021-02-23 00:00:00,0.511202467,57.62711864,0.618705036,0.007699199,-3.68385545
2021-02-24 00:00:00,0.51336074,57.62711864,0.786330935,-0.008291966,-3.387478276
2021-02-25 00:00:00,0.489414183,47.22222222,0.90647482,-0.0302956,-3.819593235
2021-02-26 00:00:00,0.578299456,36.60637382,1,-0.052592955,-8.308180214
2021-03-01 00:00:00,0.542692561,36.60637382,1,-0.058882588,-11.49849739
2021-03-02 00:00:00,0.522119816,36.60637382,1,-0.063175914,-13.88585164
2021-03-03 00:00:00,0.603905301,36.60637382,1,-0.057780714,-15.88754251
2021-03-04 00:00:00,0.53358964,36.60637382,0.993389991,-0.057888076,-15.82795962
2021-03-05 00:00:00,0.566643114,36.60637382,1,-0.054618922,-16.55582325
2021-03-08 00:00:00,0.536159231,36.60637382,1,-0.052591677,-16.85257831
2021-03-09 00:00:00,0.498309207,44.78619655,0.752076412,-0.031723204,-11.84099648
2021-03-10 00:00:00,0.464523019,44.78619655,0.757890365,-0.03918934,-7.63723857
2021-03-11 00:00:00,0.427770527,44.78619655,0.6910299,-0.046031702,-3.02596105
2021-03-12 00:00:00,0.392286222,44.78619655,0.842362345,-0.052704693,-1.904063652
2021-03-15 00:00:00,0.383782636,44.78619655,0.637444279,-0.035989933,1.864718964
2021-03-16 00:00:00,0.377506942,44.78619655,0.482181425,-0.025089203,6.133437115
2021-03-17 00:00:00,0.562467998,60.54766734,0.23655914,-0.007573802,8.3462426
2021-03-18 00:00:00,0.629301356,60.54766734,0.189781022,-0.004757374,9.339636684
2021-03-19 00:00:00,0.628245067,60.54766734,0,0.0065841,11.16100607
2021-03-22 00:00:00,0.633983125,60.54766734,0,0.014461844,12.31466197
2021-03-23 00:00:00,0.655513529,60.54766734,0.202647658,0.0082355,11.57003876
2021-03-24 00:00:00,0.682281059,60.54766734,0.115071283,0.020191599,11.46707833
2021-03-25 00:00:00,0.725017768,60.54766734,0,0.029785721,12.06464957
2021-03-26 00:00:00,0.673186813,49.21671018,0.169230769,0.008678432,11.47256252
2021-03-29 00:00:00,0.649120879,42.17002237,0.964615385,-0.005972497,7.542331668
2021-03-30 00:00:00,0.743071362,42.17002237,1,-0.023372481,2.200051664
2021-03-31 00:00:00,0.698620967,42.17002237,0.866916589,-0.008065462,-0.038048576
2021-04-01 00:00:00,0.727071897,57.51848809,0.210871603,0.001392394,3.347928195
2021-04-06 00:00:00,0.66374441,57.51848809,0,0.00556196,7.980619004
2021-04-07 00:00:00,0.66733349,57.51848809,0.108731466,0.004856474,9.917273011
2021-04-08 00:00:00,0.591943696,57.51848809,0,0.017150472,13.10960694
2021-04-09 00:00:00,0.60721773,57.51848809,0.199860238,0.003457815,12.83932819
2021-04-12 00:00:00,0.604871718,57.51848809,0.316561845,-0.001900757,11.14308613
2021-04-13 00:00:00,0.616651692,57.51848809,0.105520615,0.01259993,11.6096488
2021-04-14 00:00:00,0.625985824,57.51848809,0.278825996,0.002918232,9.87092533
2021-04-15 00:00:00,0.637493905,57.51848809,0,0.011454556,11.16460306
2021-04-16 00:00:00,0.545303867,57.51848809,0,0.024627555,13.70407256
2021-04-19 00:00:00,0.578685809,61.40350877,0,0.040182889,14.66469504
2021-04-20 00:00:00,0.612733911,70.99391481,0,0.055761751,14.97314214
2021-04-21 00:00:00,0.546863542,70.99391481,0,0.063362999,16.99232279
2021-04-22 00:00:00,0.422779923,60.22253129,0.144837145,0.035746357,16.00801228
2021-04-23 00:00:00,0.423652858,60.22253129,0.250956389,0.021293669,13.73064435
2021-04-26 00:00:00,0.455022407,60.22253129,0.380260138,0.020310118,10.41181323
2021-04-27 00:00:00,0.505410427,60.22253129,0.214996174,0.016320137,9.04744121
2021-04-28 00:00:00,0.523663788,63.58296623,0.397857689,0.017803813,6.055284266
2021-04-29 00:00:00,0.547108974,63.58296623,0.543993879,0.017197103,2.492240649
2021-04-30 00:00:00,0.56726713,63.58296623,0.487629689,0.011270345,0.609570656
2021-05-04 00:00:00,0.624045149,71.58145065,0.007182761,0.035838783,3.081076357
2021-05-05 00:00:00,0.506881533,66.00877193,0.38902439,0.014255634,2.324941279
2021-05-06 00:00:00,0.382743989,66.59482759,0,0.021809575,5.502401531
2021-05-07 00:00:00,0.321573555,66.59482759,0,0.034967597,10.00898937
2021-05-10 00:00:00,0.366002571,66.59482759,0,0.03521107,12.60070445
2021-05-11 00:00:00,0.413055454,66.59482759,0.145886889,0.017183851,11.88119409
2021-05-12 00:00:00,0.442893867,66.59482759,0.125321337,0.024024612,10.74978755
2021-05-13 00:00:00,0.474155343,66.59482759,0.239717224,0.022449209,8.054850782
2021-05-14 00:00:00,0.525844657,66.59482759,0.030205656,0.036512815,7.719248217
2021-05-17 00:00:00,0.512355848,66.59482759,0,0.038982148,8.773085006
2021-05-18 00:00:00,0.504803074,66.59482759,0,0.053351766,10.29708588
2021-05-19 00:00:00,0.483732682,66.59482759,0,0.071369812,13.11646229
2021-05-20 00:00:00,0.530747398,66.59482759,0.084023179,0.062597234,12.50487836
2021-05-21 00:00:00,0.539043584,66.59482759,0.118173258,0.043471005,10.73556785
2021-05-24 00:00:00,0.594464622,73.13609467,0.078154426,0.054930565,9.157673317
2021-05-25 00:00:00,0.527414153,67.3381295,0.019256308,0.040730221,8.093450117
2021-05-26 00:00:00,0.47787043,65.6580938,0,0.034412349,8.141576317
2021-05-27 00:00:00,0.528177403,65.6580938,0.106478512,0.027710614,6.17909877
2021-05-28 00:00:00,0.581208299,68.13186813,0,0.038734897,5.189480151
2021-06-01 00:00:00,0.645416324,68.13186813,0.007677543,0.037499317,3.688198747
2021-06-02 00:00:00,0.686667255,68.13186813,0,0.044434076,2.447051833
2021-06-03 00:00:00,0.657109712,37.47841105,0.559938128,0.015477939,-3.62592115
2021-06-04 00:00:00,0.624508519,39.91701245,0.247706422,0.019906134,-4.710741128
2021-06-07 00:00:00,0.55968824,39.91701245,0.39640884,0.011597697,-5.951906003
2021-06-08 00:00:00,0.611779795,39.91701245,0.26519337,0.002488814,-6.325369791
2021-06-09 00:00:00,0.623914759,39.91701245,0.225138122,0.00867806,-6.542177543
2021-06-10 00:00:00,0.644337017,39.91701245,0.389502762,0.006796738,-7.579021385
2021-06-11 00:00:00,0.654498816,39.91701245,0.599447514,0.000478685,-9.268819062
2021-06-14 00:00:00,0.635358585,39.91701245,1,-0.011340753,-12.26010537
2021-06-15 00:00:00,0.598653007,39.91701245,1,-0.018239242,-13.97423997
2021-06-16 00:00:00,0.573894558,39.91701245,1,-0.016230934,-15.25756873
2021-06-17 00:00:00,0.790810157,22.667295,1,-0.063817469,-26.08609241
2021-06-18 00:00:00,0.729959782,22.667295,1,-0.066470108,-32.51253395
2021-06-21 00:00:00,0.661478706,22.667295,0.984959506,-0.067113389,-34.80520164
2021-06-22 00:00:00,0.630776014,22.667295,0.983950617,-0.049020921,-34.55627533
2021-06-23 00:00:00,0.586713698,16.78498986,0.847736626,-0.052364329,-30.53625085
2021-06-24 00:00:00,0.524544386,16.78498986,0.903292181,-0.054834781,-27.26761628
2021-06-25 00:00:00,0.464726631,16.78498986,0.888477366,-0.056255447,-23.48785509
2021-06-28 00:00:00,0.398383304,16.78498986,0.940740741,-0.060329357,-20.57256532
2021-06-29 00:00:00,0.421278421,16.78498986,1,-0.070526567,-20.66629831
2021-06-30 00:00:00,0.375398089,16.78498986,0.938694268,-0.06267776,-18.43948226
2021-07-01 00:00:00,0.363497828,18.27689243,0.763504312,-0.045079331,-13.47358085
2021-07-02 00:00:00,0.313399779,18.27689243,0.72001824,-0.04233017,-8.769089525
2021-07-05 00:00:00,0.27631936,18.27689243,0.659069326,-0.037296789,-4.384876233
2021-07-06 00:00:00,0.468027836,42.67589389,0,0.01751279,1.276309166
2021-07-07 00:00:00,0.50210084,42.67589389,0.095588235,0.017793695,4.413241019
2021-07-08 00:00:00,0.547531513,42.67589389,0.039522059,0.018393848,6.846509283
2021-07-09 00:00:00,0.588169643,42.67589389,0.070772059,0.017436129,8.089306514
2021-07-12 00:00:00,0.61095063,42.67589389,0.320772059,0.000446528,6.983492515
2021-07-13 00:00:00,0.596318493,46.32829374,0,0.016247864,8.921284537
2021-07-14 00:00:00,0.554454402,46.32829374,0,0.02045728,11.10044671
2021-07-15 00:00:00,0.588788956,46.32829374,0,0.024405999,12.16816869
2021-07-16 00:00:00,0.629733375,61.19828816,0,0.039220713,12.45555602
2021-07-19 00:00:00,0.652552272,61.19828816,0.15372036,0.029350878,10.94041915
2021-07-20 00:00:00,0.60355474,61.19828816,0.029205607,0.023323042,10.58998559
2021-07-21 00:00:00,0.593896274,50.64935065,0.580602883,0.008957814,7.255992802
2021-07-22 00:00:00,0.55863863,50.64935065,0.754172989,0.004521729,4.533161403
2021-07-23 00:00:00,0.562583968,50.64935065,0.774294671,-0.005663453,2.689558132
2021-07-26 00:00:00,0.540976265,50.64935065,0.755485893,-0.002465852,1.544988598
2021-07-27 00:00:00,0.531347962,50.64935065,0.750783699,-0.00406594,0.837602857
2021-07-28 00:00:00,0.506493506,50.64935065,0.868338558,-0.005204873,-0.058369069
2021-07-29 00:00:00,0.482965544,61.00746269,0,0.020586923,3.626865895
2021-07-30 00:00:00,0.489405854,61.00746269,0.108562691,0.006560631,5.35527949
2021-08-02 00:00:00,0.48416339,61.00746269,0.54587156,-0.006444713,4.382303528
2021-08-03 00:00:00,0.461118392,61.00746269,0.509174312,-0.006086361,3.735513355
2021-08-04 00:00:00,0.472804718,61.00746269,0.006116208,0.002631146,5.265000681
2021-08-05 00:00:00,0.421363041,53.56265356,0.873088685,-0.007796573,2.34829565
2021-08-06 00:00:00,0.659100688,46.35010631,1,-0.032994158,-4.42018597
2021-08-09 00:00:00,0.683250415,46.35010631,1,-0.035124712,-11.47662952
2021-08-10 00:00:00,0.67646464,46.35010631,1,-0.0422907,-17.226212
2021-08-11 00:00:00,0.638812108,46.35010631,0.808872109,-0.031118026,-17.25305166
2021-08-12 00:00:00,0.603620306,46.35010631,0.773006135,-0.029330074,-15.75185797
2021-08-13 00:00:00,0.585855862,46.35010631,0.523360076,-0.01471936,-10.44477579
2021-08-16 00:00:00,0.576417448,46.35010631,0.405379896,-0.005705221,-4.787149511
2021-08-17 00:00:00,0.571597115,41.13530327,0.376120812,-0.021784289,-0.395252302
2021-08-18 00:00:00,0.541708882,41.13530327,0.431678487,-0.023168561,1.812499317
2021-08-19 00:00:00,0.512191827,41.13530327,0.444917258,-0.016230092,3.118528261
2021-08-20 00:00:00,0.490307329,41.13530327,0.473286052,-0.018536397,3.579586425
2021-08-23 00:00:00,0.483113813,41.13530327,0.256264775,-0.01481603,6.790841994
2021-08-24 00:00:00,0.583011583,41.13530327,0,0.004275996,9.436068085
2021-08-25 00:00:00,0.572897432,52.37623762,0.232079906,0.014634976,8.222298449
2021-08-26 00:00:00,0.592789995,57.25108225,0.256756757,0.027460678,6.887436115
2021-08-27 00:00:00,0.642857143,57.25108225,0.116921269,0.043606928,7.317847639
2021-08-31 00:00:00,0.575338346,57.25108225,0,0.04086373,9.383434089
2021-09-01 00:00:00,0.623636556,57.25108225,0.045218681,0.036854756,9.868122948
2021-09-02 00:00:00,0.494337979,53.7470726,0.056097561,0.021816952,9.799050429
2021-09-03 00:00:00,0.417213246,53.7470726,0,0.020908557,10.69158529
2021-09-06 00:00:00,0.473604223,53.7470726,0.047032475,0.017966414,10.4245125
2021-09-07 00:00:00,0.493920973,53.7470726,0.482642777,0.010485295,7.206387995
2021-09-08 00:00:00,0.49800032,53.7470726,0.844344905,0.002216548,2.712072609
2021-09-09 00:00:00,0.507918733,53.7470726,0.793952968,0.005171299,-0.004226391
2021-09-10 00:00:00,0.162257521,0.658402204,0.922361692,0.975308642,-0.940391806
